Month,AUS_GDP_AUD,AUS_Turnover_eur,BRA_Produced_automotives,BRA_GDP_eur,BRA_Turnover_eur,CAN_GDP_USD,CAN_Turnover_eur,CHN_GDP_EUR,CHN_Turnover_eur,ESP_GDP_EUR,ESP_Turnover_eur,FRA_GDP_EUR,FRA_Turnover_eur,GBR_GDP_Pfund,GBR_Turnover_eur,GBR_Manufactoring_Production,GER_ifo_Geschaeftsklima,GER_ifo_Geschaeftslage,GER_ifo_Geschaeftserwartungen,GER_GDP_eur,GER_Turnover_eur,ITA_GDP_EUR,ITA_Turnover_eur,JP_Machine_orders_in_mil_Yen,JP_GDP_eur,JP_Turnover_eur,NED_Producer_confidence,NED_GDP_eur,NED_Turnover_eur,SWE_GDP_EUR,SWE_Turnover_eur,USA_GDP_USD,USA_Turnover_eur
01-Jan-2000,286832000000,997148.382347167,NaN,NaN,NaN,133500000000,211805.085232251,NaN,NaN,157400000000,1617084.25971653,362560000000,5201266.45275726,440090000000,3705712.07572889,-0.2,NaN,NaN,NaN,NaN,NaN,304110000000,2252648.70204785,NaN,NaN,NaN,NaN,NaN,NaN,68440000000,1695075.33063859,992600000000,4275445.9527428
01-Feb-2000,286832000000,1419504.48947261,NaN,NaN,NaN,133400000000,242560.803336536,NaN,NaN,157400000000,2050340.59260899,362560000000,5479397.869181,440090000000,3982642.29719347,0.2,NaN,NaN,NaN,NaN,NaN,304110000000,2889690.03142712,NaN,NaN,NaN,NaN,NaN,NaN,68440000000,1722811.75199616,999600000000,4433853.04685035
01-Mar-2000,286832000000,1581804.58342997,NaN,NaN,NaN,134100000000,239530.021704818,NaN,NaN,157400000000,1888240.41218772,362560000000,6326710.47991307,440090000000,4333203.99228033,-0.2,NaN,NaN,NaN,NaN,NaN,304110000000,3360556.64284349,NaN,NaN,NaN,NaN,NaN,NaN,68440000000,2101716.75508301,1009000000000,4277617.60959455
01-Apr-2000,289480000000,1254553.37691603,NaN,NaN,NaN,134600000000,518900.051752476,NaN,NaN,160230000000,1587076.38610673,367610000000,5335927.68872324,447480000000,3615389.94972014,1.6,NaN,NaN,NaN,NaN,NaN,308770000000,3108151.96161034,NaN,NaN,NaN,NaN,NaN,NaN,72340000000,1908211.1929897,1022000000000,3592345.4146331
01-May-2000,289480000000,1628676.76345398,NaN,NaN,NaN,134900000000,348716.985292376,NaN,NaN,160230000000,2027099.48569713,367610000000,6464081.69666922,447480000000,4032238.52802005,0.8,NaN,NaN,NaN,NaN,NaN,308770000000,3397599.23857089,NaN,NaN,NaN,NaN,NaN,NaN,72340000000,2374561.38905395,1023000000000,4239385.82638995
01-Jun-2000,289480000000,1831808.42707531,NaN,NaN,NaN,135400000000,194247.251337457,NaN,NaN,160230000000,2187115.82033397,367610000000,6771709.75135993,447480000000,4092696.87967246,1.1,NaN,NaN,NaN,NaN,NaN,308770000000,3320879.80865814,NaN,NaN,NaN,NaN,NaN,NaN,72340000000,2053462.50702029,1029000000000,4156067.34646225
01-Jul-2000,290041000000,1507173.72588263,NaN,NaN,NaN,135600000000,214708.579335341,NaN,NaN,163230000000,2441965.37441157,372140000000,6439686.15692444,449970000000,4446752.62664211,-0.4,NaN,NaN,NaN,NaN,NaN,311790000000,3940365.51290038,NaN,NaN,NaN,NaN,NaN,NaN,72290000000,1183732.62440294,1024000000000,3467986.9343024
01-Aug-2000,290041000000,1721713.34660646,NaN,NaN,NaN,135900000000,260071.866325728,NaN,NaN,163230000000,1321687.7494186,372140000000,4337013.41583684,449970000000,3924328.86677982,1.4,NaN,NaN,NaN,NaN,NaN,311790000000,1006904.97334072,NaN,NaN,NaN,NaN,NaN,NaN,72290000000,1959623.98220467,1034000000000,4066842.6438842
01-Sep-2000,290041000000,1236139.40733673,NaN,NaN,NaN,136000000000,274716.968713861,NaN,NaN,163230000000,1903978.63789379,372140000000,6505877.83846382,449970000000,3566997.73498117,0.3,NaN,NaN,NaN,NaN,NaN,311790000000,3055036.84323177,NaN,NaN,NaN,NaN,NaN,NaN,72290000000,1813785.30431078,1038000000000,4114957.87399325
01-Oct-2000,288954000000,1386661.64343265,NaN,NaN,NaN,136300000000,194297.480655093,NaN,NaN,166990000000,1975102.23361934,376980000000,6796369.76987038,460560000000,4183515.41641972,1.5,NaN,NaN,NaN,NaN,NaN,318540000000,4104217.27386375,NaN,NaN,NaN,NaN,NaN,NaN,70500000000,2026265.17517491,1044000000000,4319451.45930945
01-Nov-2000,288954000000,1575052.14521225,NaN,NaN,NaN,136300000000,221260.758020224,NaN,NaN,166990000000,2319936.15234433,376980000000,6363051.00095946,460560000000,4395706.48247212,0.5,NaN,NaN,NaN,NaN,NaN,318540000000,3473071.82964386,NaN,NaN,NaN,NaN,NaN,NaN,70500000000,2209308.79334323,1045000000000,3979578.8032501
01-Dec-2000,288954000000,1413033.07114553,NaN,NaN,NaN,136300000000,131688.335484044,NaN,NaN,166990000000,1464636.13174753,376980000000,5186072.05489558,460560000000,2882341.73396662,-0.4,NaN,NaN,NaN,NaN,NaN,318540000000,2695491.7596183,NaN,NaN,NaN,NaN,NaN,NaN,70500000000,1445396.89701658,1043000000000,3172207.12940195
01-Jan-2001,291890000000,1386847.47708642,NaN,NaN,NaN,136300000000,268453.440176232,NaN,NaN,170740000000,2358599.06830139,380670000000,6419163.32302422,582080000000,4112045.33051646,-3.7,NaN,NaN,NaN,NaN,NaN,322330000000,2886385.93158105,NaN,NaN,NaN,NaN,NaN,NaN,68080000000,2060588.48227814,1047000000000,3748408.1549812
01-Feb-2001,291890000000,1526064.07118732,NaN,NaN,NaN,136200000000,140783.360274237,NaN,NaN,170740000000,2127413.88391524,380670000000,6332053.67580809,582080000000,3969413.84383404,-1.8,NaN,NaN,NaN,NaN,NaN,322330000000,3559882.45754095,NaN,NaN,NaN,NaN,NaN,NaN,68080000000,1975872.71421389,1047000000000,3522619.58022885
01-Mar-2001,291890000000,1650946.7662245,NaN,NaN,NaN,136800000000,187583.310549397,NaN,NaN,170740000000,2267237.39759031,380670000000,6590103.46348968,582080000000,4775579.02245131,0.6,NaN,NaN,NaN,NaN,NaN,322330000000,3887492.51779979,NaN,NaN,NaN,NaN,NaN,NaN,68080000000,2050129.58170675,1048000000000,3822747.23942055
01-Apr-2001,294306000000,1207963.72609275,NaN,NaN,NaN,136700000000,189379.888229397,NaN,NaN,173290000000,1948890.48426213,383380000000,6110943.71596878,441620000000,3871069.93943376,2.3,NaN,NaN,NaN,NaN,NaN,324910000000,3165876.91938063,NaN,NaN,NaN,NaN,NaN,NaN,68230000000,1700560.7286528,1056000000000,3418201.216593
01-May-2001,294306000000,1646283.64053302,NaN,NaN,NaN,136400000000,193222.60320063,NaN,NaN,173290000000,2239335.92595892,383380000000,6348432.42946531,441620000000,4606453.80081038,0.4,NaN,NaN,NaN,NaN,NaN,324910000000,4438281.67083124,NaN,NaN,NaN,NaN,NaN,NaN,68230000000,2200549.38257818,1064000000000,3907981.1539462
01-Jun-2001,294306000000,1509898.33454098,NaN,NaN,NaN,136900000000,209632.468872347,NaN,NaN,173290000000,2440440.29417648,383380000000,7045858.32393968,441620000000,4251445.61868093,1.6,NaN,NaN,NaN,NaN,NaN,324910000000,3844647.15866016,NaN,NaN,NaN,NaN,NaN,NaN,68230000000,2056012.78661453,1059000000000,3784430.37655045
01-Jul-2001,297867000000,1506992.28778898,NaN,NaN,NaN,136200000000,88273.1076150429,NaN,NaN,176930000000,2394997.72068112,386520000000,7282761.14955511,464580000000,4356941.88160968,0.1,NaN,NaN,NaN,NaN,NaN,326860000000,3892573.53287007,NaN,NaN,NaN,NaN,NaN,NaN,66060000000,1517048.40359654,1058000000000,3675322.90393475
01-Aug-2001,297867000000,2162964.98010587,NaN,NaN,NaN,136800000000,0,NaN,NaN,176930000000,1790775.94370723,386520000000,4779485.59454847,464580000000,4075255.30091592,2.5,NaN,NaN,NaN,NaN,NaN,326860000000,1761903.79515123,NaN,NaN,NaN,NaN,NaN,NaN,66060000000,1914176.26072781,1069000000000,4107616.323251
01-Sep-2001,297867000000,1732404.46272512,NaN,NaN,NaN,137700000000,0,NaN,NaN,176930000000,2111827.64479168,386520000000,5910530.33933313,464580000000,3531466.76487584,-0.3,NaN,NaN,NaN,NaN,NaN,326860000000,3473880.49883062,NaN,NaN,NaN,NaN,NaN,NaN,66060000000,2106096.88484429,1051000000000,3466129.5312068
01-Oct-2001,301437000000,1854631.85975959,NaN,NaN,NaN,137500000000,0,NaN,NaN,180040000000,2659791.69881223,388760000000,7462249.42515416,461960000000,4129064.28742135,0,NaN,NaN,NaN,NaN,NaN,329580000000,3857036.05665674,NaN,NaN,NaN,NaN,NaN,NaN,66880000000,2131325.39008973,1064000000000,3884825.719328
01-Nov-2001,301437000000,1769564.24634579,NaN,NaN,NaN,139000000000,0,NaN,NaN,180040000000,2119894.94472652,388760000000,5462952.22458513,461960000000,4434110.29716855,0.9,NaN,NaN,NaN,NaN,NaN,329580000000,3746167.50346439,NaN,NaN,NaN,NaN,NaN,NaN,66880000000,2066074.2556393,1059000000000,3512276.0376072
01-Dec-2001,301437000000,1292690.65963953,NaN,NaN,NaN,139800000000,0,NaN,NaN,180040000000,1485691.32390619,388760000000,4796416.12756249,461960000000,3086768.21450335,0.9,NaN,NaN,NaN,NaN,NaN,329580000000,3131608.37607025,NaN,NaN,NaN,NaN,NaN,NaN,66880000000,1338425.36812186,1075000000000,2909136.9329054
01-Jan-2002,303715000000,1628926.75694323,NaN,NaN,NaN,139600000000,0,NaN,NaN,182750000000,2488750.7596627,392400000000,6146474.45889646,464730000000,4173127.80212656,1.2,NaN,NaN,NaN,NaN,NaN,332980000000,3162922.2256,NaN,NaN,NaN,NaN,NaN,NaN,69180000000,1957066.94636544,1079000000000,3686051.14594646
01-Feb-2002,303715000000,1738871.93414703,NaN,NaN,NaN,140600000000,0,NaN,NaN,182750000000,2252596.9536,392400000000,5685614.25692,464730000000,4146678.17673901,0.7,NaN,NaN,NaN,NaN,NaN,332980000000,3347893.9706,NaN,NaN,NaN,NaN,NaN,NaN,69180000000,1831811.1459469,1075000000000,3435738.77669849
01-Mar-2002,303715000000,1621523.46825389,NaN,NaN,NaN,140800000000,0,NaN,NaN,182750000000,2099757.3492,392400000000,6234595.94368,464730000000,4115250.13705806,2.1,NaN,NaN,NaN,NaN,NaN,332980000000,3622332.2146,NaN,NaN,NaN,NaN,NaN,NaN,69180000000,2021242.85316818,1082000000000,3551607.42877901
01-Apr-2002,308796000000,1859609.02044124,NaN,NaN,NaN,141000000000,0,NaN,NaN,186170000000,2769645.9336,395670000000,6826065.7426,474370000000,3886568.09925901,-4.7,NaN,NaN,NaN,NaN,NaN,335980000000,3664244.881,NaN,NaN,NaN,NaN,NaN,NaN,70540000000,2014222.0697283,1087000000000,3707094.14193117
01-May-2002,308796000000,2172254.13372608,NaN,NaN,NaN,141500000000,0,NaN,NaN,186170000000,2932121.094,395670000000,5720909.1966,474370000000,4834244.15194387,1.4,NaN,NaN,NaN,NaN,NaN,335980000000,3955358.4148,NaN,NaN,NaN,NaN,NaN,NaN,70540000000,2126079.43578876,1088000000000,4083805.11776395
01-Jun-2002,308796000000,1727850.85433558,NaN,NaN,NaN,142100000000,0,NaN,NaN,186170000000,2936353.4592,395670000000,7006802.3766,474370000000,3523821.88330817,-5.4,NaN,NaN,NaN,NaN,NaN,335980000000,4406099.7324,NaN,NaN,NaN,NaN,NaN,NaN,70540000000,2025838.49911363,1094000000000,3772959.00856201
01-Jul-2002,309875000000,2182542.79885475,NaN,NaN,NaN,141700000000,0,NaN,NaN,188930000000,3043496.526,399060000000,7681856.7904,469970000000,4789310.21118799,1.8,NaN,NaN,NaN,NaN,NaN,339630000000,5174790.7294,NaN,NaN,NaN,NaN,NaN,NaN,70500000000,1343273.05810307,1101000000000,4228889.40882702
01-Aug-2002,309875000000,2224449.51274888,NaN,NaN,NaN,142600000000,0,NaN,NaN,188930000000,1923074.9328,399060000000,4627690.1138,469970000000,4011792.77638907,-1.1,NaN,NaN,NaN,NaN,NaN,339630000000,1439774.6512,NaN,NaN,NaN,NaN,NaN,NaN,70500000000,2039906.77470129,1096000000000,4483620.2814701
01-Sep-2002,309875000000,1850218.24671734,NaN,NaN,NaN,142500000000,0,NaN,NaN,188930000000,2907605.8452,399060000000,6072954.68,469970000000,4081146.12203063,0.5,NaN,NaN,NaN,NaN,NaN,339630000000,4363823.8966,NaN,NaN,NaN,NaN,NaN,NaN,70500000000,2071854.90358856,1101000000000,3888425.66300101
01-Oct-2002,312152000000,2514070.06598259,NaN,NaN,NaN,142100000000,0,NaN,NaN,191700000000,3039839.166,401420000000,6849270.922,471740000000,4267256.09998698,-3.1,NaN,NaN,NaN,NaN,NaN,341160000000,4426134.0774,NaN,NaN,NaN,NaN,NaN,NaN,72040000000,2376589.36018775,1101000000000,4417233.98373478
01-Nov-2002,312152000000,1753184.75368798,NaN,NaN,NaN,142800000000,0,NaN,NaN,191700000000,2524171.692,401420000000,5703555.7592,471740000000,4495466.07269418,0.2,NaN,NaN,NaN,NaN,NaN,341160000000,3907819.7986,NaN,NaN,NaN,NaN,NaN,NaN,72040000000,1993442.32086182,1106000000000,3458782.59471334
01-Dec-2002,312152000000,1923009.24800333,NaN,NaN,NaN,143200000000,0,NaN,NaN,191700000000,2416334.55,401420000000,5540199.6832,471740000000,3071377.04176442,0.4,NaN,NaN,NaN,NaN,NaN,341160000000,3260171.8434,NaN,NaN,NaN,NaN,NaN,NaN,72040000000,1569223.1640999,1114000000000,3447057.29420748
01-Jan-2003,312462000000,1619390.34967806,NaN,NaN,NaN,143000000000,174344.329625477,NaN,NaN,195380000000,2536151.51146409,403210000000,6223960.64837856,477750000000,5112074.96550083,0.6,NaN,NaN,NaN,NaN,NaN,343610000000,3504327.83814341,NaN,NaN,NaN,NaN,NaN,NaN,72820000000,1975695.36870048,1115000000000,4130647.7483851
01-Feb-2003,312462000000,1881937.36819841,NaN,NaN,NaN,142600000000,236243.622761246,NaN,NaN,195380000000,2663508.69233525,403210000000,6704639.69378159,477750000000,4242645.26902113,2.4,NaN,NaN,NaN,NaN,NaN,343610000000,3870298.8726337,NaN,NaN,NaN,NaN,NaN,NaN,72820000000,2007063.86096832,1122000000000,3773817.76219381
01-Mar-2003,312462000000,1557810.55844228,NaN,NaN,NaN,143000000000,352981.133790385,NaN,NaN,195380000000,2848301.22476333,403210000000,6851151.05020554,477750000000,4762001.51651357,2.2,NaN,NaN,NaN,NaN,NaN,343610000000,5514944.5403138,NaN,NaN,NaN,NaN,NaN,NaN,72820000000,2306194.69642491,1118000000000,4048071.56521121
01-Apr-2003,313509000000,2030260.25587524,NaN,NaN,NaN,143400000000,188062.926124569,NaN,NaN,199290000000,3062300.51132949,404640000000,6840507.75510554,459900000000,4609746.71871243,0.4,NaN,NaN,NaN,NaN,NaN,347030000000,4592958.19893223,NaN,NaN,NaN,NaN,NaN,NaN,72570000000,2049258.17411121,1126000000000,4130252.62120937
01-May-2003,313509000000,1837839.38143226,NaN,NaN,NaN,144100000000,248134.371187642,NaN,NaN,199290000000,2660256.04928849,404640000000,5792411.71542844,459900000000,4788196.07402905,1,NaN,NaN,NaN,NaN,NaN,347030000000,5168286.33418962,NaN,NaN,NaN,NaN,NaN,NaN,72570000000,2133839.62859988,1127000000000,4119485.45350743
01-Jun-2003,313509000000,2229378.15868192,NaN,NaN,NaN,142700000000,344894.601591889,NaN,NaN,199290000000,2500591.70734585,404640000000,6995980.26066833,459900000000,4378783.73888834,1.4,NaN,NaN,NaN,NaN,NaN,347030000000,4545442.94325445,NaN,NaN,NaN,NaN,NaN,NaN,72570000000,2235366.89750546,1140000000000,3756545.9702633
01-Jul-2003,318795000000,2309956.38936374,NaN,NaN,NaN,144500000000,223350.495883009,NaN,NaN,202010000000,4123300.72479707,409640000000,7138819.82354263,443810000000,5508269.75938617,1.4,NaN,NaN,NaN,NaN,NaN,352080000000,5842247.69333185,NaN,NaN,NaN,NaN,NaN,NaN,73890000000,1260226.74997619,1147000000000,3995294.98610706
01-Aug-2003,318795000000,1911577.92067271,NaN,NaN,NaN,145100000000,378738.0802681,NaN,NaN,202010000000,1951475.34074732,409640000000,4265011.11868242,443810000000,4007396.25623089,0.2,NaN,NaN,NaN,NaN,NaN,352080000000,2425582.53327042,NaN,NaN,NaN,NaN,NaN,NaN,73890000000,1859331.38593619,1157000000000,4034872.28278843
01-Sep-2003,318795000000,2158973.64865071,NaN,NaN,NaN,145300000000,753297.385273449,NaN,NaN,202010000000,2985289.14794078,409640000000,6554187.75613371,443810000000,4434156.52667096,-0.4,NaN,NaN,NaN,NaN,NaN,352080000000,5399045.5155422,NaN,NaN,NaN,NaN,NaN,NaN,73890000000,2211272.7401759,1167000000000,3937987.06536953
01-Oct-2003,324094000000,2085166.86884749,NaN,NaN,NaN,145900000000,790086.732837955,NaN,NaN,205580000000,3199198.76279088,414330000000,6610859.39344602,452880000000,5652874.42040399,2.3,NaN,NaN,NaN,NaN,NaN,352620000000,4887002.98312277,NaN,NaN,NaN,NaN,NaN,NaN,75750000000,2197877.43290253,1170000000000,4570696.23779636
01-Nov-2003,324094000000,1841933.72614458,NaN,NaN,NaN,146100000000,841085.058304338,NaN,NaN,205580000000,2775212.71964749,414330000000,5741963.66457295,452880000000,4381383.85010809,-3.1,NaN,NaN,NaN,NaN,NaN,352620000000,5273082.76488045,NaN,NaN,NaN,NaN,NaN,NaN,75750000000,2166416.23788944,1178000000000,4109861.54948855
01-Dec-2003,324094000000,2288171.24707577,NaN,NaN,NaN,146000000000,693674.146220661,NaN,NaN,205580000000,2983426.21068922,414330000000,5633012.0186255,452880000000,3487500.47738006,-3.9,NaN,NaN,NaN,NaN,NaN,352620000000,3753953.73126994,NaN,NaN,NaN,NaN,NaN,NaN,75750000000,1739186.26236222,1183000000000,4070747.91261165
01-Jan-2004,326766000000,1624491.19029965,NaN,NaN,NaN,147400000000,593856.830184271,NaN,NaN,209190000000,2612926.49432912,419680000000,6552055.25171836,461060000000,5157583.19814449,-3.2,NaN,NaN,NaN,NaN,NaN,357310000000,3808974.10297108,NaN,NaN,NaN,NaN,NaN,NaN,75400000000,1749539.4697654,1181000000000,4267343.73633187
01-Feb-2004,326766000000,1831777.64702275,NaN,NaN,NaN,147700000000,982514.982704772,NaN,NaN,209190000000,3094973.59180368,419680000000,6254526.70533163,461060000000,4786975.49158152,0.5,NaN,NaN,NaN,NaN,NaN,357310000000,4536999.0421433,NaN,NaN,NaN,NaN,NaN,NaN,75400000000,2203033.12449574,1192000000000,4103154.07819516
01-Mar-2004,326766000000,1989600.09127681,NaN,NaN,NaN,147900000000,1123834.26339137,NaN,NaN,209190000000,3671375.67977694,419680000000,7534025.87626138,461060000000,5158554.25789617,0.8,NaN,NaN,NaN,NaN,NaN,357310000000,5104521.04434635,NaN,NaN,NaN,NaN,NaN,NaN,75400000000,2460904.07486099,1203000000000,4947235.50403665
01-Apr-2004,328957000000,1797604.43984534,NaN,NaN,NaN,148600000000,1024357.84094963,NaN,NaN,212370000000,2845126.49320758,423500000000,6215874.60617908,476440000000,4594243.60059381,0.8,NaN,NaN,NaN,NaN,NaN,363140000000,5084861.13559652,NaN,NaN,NaN,NaN,NaN,NaN,76310000000,2334377.67372268,1203000000000,4549208.14617961
01-May-2004,328957000000,1742185.20689411,NaN,NaN,NaN,148800000000,1013084.8267918,NaN,NaN,212370000000,2988464.9379168,423500000000,6513996.35484686,476440000000,4094922.37026548,1.6,NaN,NaN,NaN,NaN,NaN,363140000000,5198802.18870408,NaN,NaN,NaN,NaN,NaN,NaN,76310000000,2510871.50266445,1217000000000,4317551.20594064
01-Jun-2004,328957000000,1637558.56814669,NaN,NaN,NaN,149400000000,1512625.02152378,NaN,NaN,212370000000,3923690.83800501,423500000000,8226940.52670867,476440000000,5309874.10201468,1.8,NaN,NaN,NaN,NaN,NaN,363140000000,5792492.15347201,NaN,NaN,NaN,NaN,NaN,NaN,76310000000,2669398.72313318,1213000000000,4607070.62572851
01-Jul-2004,331446000000,1430874.51054874,NaN,NaN,NaN,149800000000,556032.389890011,NaN,NaN,216520000000,3615500.3808752,426350000000,7331113.9966765,494140000000,4861637.29413669,-0.7,NaN,NaN,NaN,NaN,NaN,362940000000,5816206.26540113,NaN,NaN,NaN,NaN,NaN,NaN,77240000000,1433821.63685914,1228000000000,4553668.03790484
01-Aug-2004,331446000000,1835152.52319168,NaN,NaN,NaN,149900000000,799068.801950225,NaN,NaN,216520000000,2454164.80846088,426350000000,4875042.34730679,494140000000,4380371.46453271,0.4,NaN,NaN,NaN,NaN,NaN,362940000000,2599957.37912955,NaN,NaN,NaN,NaN,NaN,NaN,77240000000,1961157.39958656,1230000000000,4874591.87958557
01-Sep-2004,331446000000,1667428.65457344,NaN,NaN,NaN,150400000000,455407.769190606,NaN,NaN,216520000000,3447856.1382189,426350000000,6968543.26092278,494140000000,5547184.32382605,0.8,NaN,NaN,NaN,NaN,NaN,362940000000,6120905.57287743,NaN,NaN,NaN,NaN,NaN,NaN,77240000000,2503445.71311744,1233000000000,4647002.46771033
01-Oct-2004,334004000000,2034500.80620019,NaN,NaN,NaN,150400000000,594072.748863138,NaN,NaN,221360000000,3171599.92542395,431940000000,6985123.62308688,492700000000,5151469.25502339,2.2,NaN,NaN,NaN,NaN,NaN,366760000000,5190345.93423924,NaN,NaN,NaN,NaN,NaN,NaN,78720000000,2181252.98390457,1246000000000,4851425.36729282
01-Nov-2004,334004000000,1981614.9871415,NaN,NaN,NaN,151200000000,879350.955520914,NaN,NaN,221360000000,3342750.71438604,431940000000,6801068.16136748,492700000000,4745287.29569394,0.8,NaN,NaN,NaN,NaN,NaN,366760000000,5255251.01289141,NaN,NaN,NaN,NaN,NaN,NaN,78720000000,2385777.00259046,1251000000000,4818129.12649553
01-Dec-2004,334004000000,1717044.90674957,NaN,NaN,NaN,151300000000,1109439.69991395,NaN,NaN,221360000000,3060404.88065226,431940000000,6703241.67547601,492700000000,3771333.36317796,-2.4,NaN,NaN,NaN,NaN,NaN,366760000000,3860882.19726386,NaN,NaN,NaN,NaN,NaN,NaN,78720000000,2097111.67753114,1259000000000,3934675.1762871
01-Jan-2005,336632000000,1333407.9834591,155533,183005225124,132768.03,150800000000,1168285.40152892,NaN,NaN,224810000000,2893131.9671022,435080000000,6701617.71744431,482580000000,5022455.38641514,-2.6,92.1,87.4,97.2,565450000000,45176529.4156,367220000000,4401163.79829829,NaN,947.77302,9807964.22964,NaN,134850000000,2602525.341,78550000000,1794579.2171113,1274000000000,4854637.12548072
01-Feb-2005,336632000000,1517424.7204512,176760,183005225124,134287.75,151900000000,1232480.88784556,NaN,NaN,224810000000,3044065.34155778,435080000000,6576073.43760762,482580000000,4834154.91864638,-2.4,92,88.1,96.1,565450000000,40134865.3508,367220000000,5431066.80417634,NaN,947.77302,11043960.39212,NaN,134850000000,2595693.7074,78550000000,2436018.59775053,1274000000000,4366818.14398653
01-Mar-2005,336632000000,1569009.05297242,211944,183005225124,155632.43,152600000000,1192668.05622765,NaN,NaN,224810000000,3886117.33054994,435080000000,7533907.70068461,482580000000,4709610.26952219,-3.3,90.2,86,94.5,565450000000,43257770.5868,367220000000,5875407.79367347,NaN,947.77302,10420280.57792,NaN,134850000000,2499243.6108,78550000000,2635226.5252992,1280000000000,4834743.33428956
01-Apr-2005,338140000000,1729650.82822118,197607,181565814567,150611.32,153000000000,1613138.84165154,NaN,NaN,229430000000,3827071.33642489,438510000000,6898396.19530557,488480000000,5194372.08918322,5.3,90,86.4,93.7,569180000000,41489052.6666,370910000000,5234356.22092443,2165754.61516,959.95201,11385394.56588,NaN,136570000000,2644971.5694,78160000000,2444893.73710848,1284000000000,4856597.65908933
01-May-2005,338140000000,1835817.6043013,207369,181565814567,152873.07,153400000000,1669820.50489408,NaN,NaN,229430000000,3631186.8264,438510000000,6479106.8576,488480000000,4729806.93000668,0.1,89.4,86.3,92.5,569180000000,39198653.1794,370910000000,5752927.3076,2069603.92866,959.95201,10726801.88256,NaN,136570000000,2646214.5696,78160000000,2611400.82635333,1287000000000,4831159.33434523
01-Jun-2005,338140000000,1468784.69207501,213767,181565814567,172058.12,154000000000,1707158.44982266,439355738861.457,20891.988222,229430000000,4125698.2956,438510000000,8109035.181,488480000000,5260699.87897744,1.1,89.5,85.9,93.2,569180000000,46263253.3242,370910000000,6551776.0926,2019867.5092,959.95201,11279981.63788,NaN,136570000000,2673982.9314,78160000000,2738483.49233894,1301000000000,5381512.75557337
01-Jul-2005,341768000000,1732750.78223808,199959,183890547646,159355.29,154100000000,1614865.97513229,471333852473.611,21797.1433932,233900000000,3629276.3556,441980000000,6925283.417,512800000000,5224085.95629905,-0.8,91.1,85.7,96.9,573410000000,42825535.4208,375130000000,6804587.5744,2427817.28563,954.62826,11714057.14288,NaN,138670000000,2706900.7188,78260000000,1716611.77117517,1309000000000,4731250.81579243
01-Aug-2005,341768000000,1733058.55227251,210961,183890547646,158151.33,154600000000,1935861.41136806,471333852473.611,22399.6043376,233900000000,2405812.8192,441980000000,4964926.278,512800000000,5016208.02629051,0.1,91.7,86.6,97.2,573410000000,42675715.8043924,375130000000,2308123.1566,2093760.96279,954.62826,11007700.60592,NaN,138670000000,2243209.0044,78260000000,2159860.08647808,1316000000000,5599308.88046474
01-Sep-2005,341768000000,1694949.90893184,198855,183890547646,163310.87,155500000000,2218596.16582051,471333852473.611,73395.4993275,233900000000,3717922.53,441980000000,7162277.2,512800000000,5049125.02881503,0.5,92.4,87.8,97.3,573410000000,43976819.7824664,375130000000,6814824.5122,2536379.32823,954.62826,10655915.74268,NaN,138670000000,2000300.7534,78260000000,2612733.18583079,1318000000000,5371126.15257763
01-Oct-2005,344623000000,1729066.85903787,182962,186994031744,148250.23,156300000000,2249040.88701702,529894999180.53,47998.9100724,239210000000,3915608.718,448510000000,7071677.392,512530000000,5096220.80973125,0.6,94.1,88.3,100.4,576720000000,41232329.0734756,380840000000,7033330.8994,2191094.38914,1021.2116,11585329.53588,NaN,140510000000,2100601.2372,78340000000,2324854.95422524,1324000000000,5056791.93141454
01-Nov-2005,344623000000,1833189.59439272,206894,186994031744,167942.33,156700000000,1782588.89212911,529894999180.53,47305.2136872,239210000000,3805952.1864,448510000000,6905986.243,512530000000,5541165.98025064,0.5,95,90.8,99.3,576720000000,42880542.2165743,380840000000,6263834.1312,2236361.2521,1021.2116,11121808.2458,NaN,140510000000,2988800.5122,78340000000,2566663.60270807,1331000000000,5092373.06758381
01-Dec-2005,344623000000,1333692.30510169,194561,186994031744,171608.53,157000000000,1800290.41664686,529894999180.53,180903.037944084,239210000000,2834287.7724,448510000000,6474145.236,512530000000,3488586.72037365,0.2,95,90.3,99.9,576720000000,31498209.9498,380840000000,4581417.3696,2385161.95246,1021.2116,10390015.06156,NaN,140510000000,2065208.388,78340000000,2015081.13744645,1345000000000,4069005.12548902
01-Jan-2006,345342000000,1226947.30934899,183640,185752444825,150527.38,157400000000,1902880.01749035,470262208598.098,83378.1369204,243630000000,3618811.0728,453880000000,7141181.216,528280000000,6319924.7020506,0.7,96.5,91.7,101.5,582080000000,49327630.5399216,380850000000,5610017.6708,2180343.36991,900.9402,11498439.1852,NaN,143080000000,2824737.7254,80800000000,2404663.91559575,1353000000000,4963420.74189709
01-Feb-2006,345342000000,1638891.05398234,190099,185752444825,98824.6,157400000000,1795948.70503502,470262208598.098,52756.497684576,243630000000,3729809.832,453880000000,7309716.752,528280000000,5427135.29526864,-1.6,97.7,93.3,102.3,582080000000,44382800.7461307,380850000000,5923974.7902,2360581.48068,900.9402,11627368.1974,NaN,143080000000,2737788.6348,80800000000,2416505.56720439,1357000000000,4620318.82831937
01-Mar-2006,345342000000,1527322.49870746,212794,185752444825,96421.95,157500000000,2356358.47186902,470262208598.098,133656.238241487,243630000000,4000208.1588,453880000000,8468215.782,528280000000,5817506.89090023,1.4,98.1,94.3,102.1,582080000000,49397820.0120436,380850000000,7811344.873,2592054.36471,900.9402,10646952.30724,NaN,143080000000,3490600.5036,80800000000,2719758.3878033,1371000000000,5218015.80291988
01-Apr-2006,345940000000,1475754.04092442,184761,188798023811,132470.9,157200000000,1517582.00989935,526098354436.317,141408.044904075,249020000000,3547617.6204,460730000000,7153175.406,528490000000,5335317.65664156,-1.7,98,94.3,101.8,594910000000,40884912.9245242,386680000000,5899886.6008,2427803.1918,903.67945,11813082.27336,NaN,145170000000,2540713.3656,82960000000,2374615.37388443,1369000000000,4487169.61884708
01-May-2006,345940000000,2039622.58719859,219343,188798023811,196309.96,157500000000,1790668.01272199,526098354436.317,147885.75355958,249020000000,4701474.8928,460730000000,7236230.482,528490000000,5580298.74701921,1.4,98.9,97.3,100.6,594910000000,47087678.2888764,386680000000,6667128.2008,2363471.12286,903.67945,11455726.95796,NaN,145170000000,2893817.6394,82960000000,3021585.30936546,1378000000000,5047235.10265119
01-Jun-2006,345940000000,1615750.18679078,205415,188798023811,146852.12,157600000000,2034348.27922132,526098354436.317,191531.497704456,249020000000,4484014.8528,460730000000,8062591.9348,528490000000,6052568.88965354,1.3,99.1,97,101.3,594910000000,46739755.2242042,386680000000,7713901.6998,2542281.58753,903.67945,12030460.42488,NaN,145170000000,2909086.0842,82960000000,2895822.35922956,1378000000000,5036329.18999024
01-Jul-2006,351068000000,1639079.49390029,202943,191046353851,180910.03,157400000000,1736780.7339364,559959630713.878,157025.319823455,253410000000,3798560.9676,463940000000,7753937.69852,534530000000,5855680.21578644,-1,98.6,96.9,100.3,598630000000,47224747.8838104,390420000000,8120706.9188,2445917.63672,891.7637,11892971.62644,NaN,146960000000,2303030.2254,84620000000,1813050.88375862,1379000000000,4623502.40551486
01-Aug-2006,351068000000,2068596.83988672,221843,191046353851,198869.95,157600000000,2082997.44667409,559959630713.878,209828.811854524,253410000000,2637075.9828,463940000000,5213798.85,534530000000,5903542.96486703,1.3,98.4,96.7,100.1,598630000000,47692255.4436224,390420000000,2739156.165,2458359.86918,891.7637,11408649.0936,NaN,146960000000,2720037.3048,84620000000,2426811.13647122,1388000000000,5563118.81237219
01-Sep-2006,351068000000,1696786.9016905,188600,191046353851,176643.18,158000000000,1801757.81311245,559959630713.878,161054.565860353,253410000000,3619336.8624,463940000000,7177509.43,534530000000,5720278.98315879,1.2,98.8,97.4,100.1,598630000000,45756461.1586322,390420000000,7335998.4272,2504032.36621,891.7637,12958720.61644,NaN,146960000000,3006819.4308,84620000000,2556242.22760126,1393000000000,4895778.46094684
01-Oct-2006,355641000000,1857773.20231642,207656,194811050352,183125.94,159000000000,1956220.75422454,635473273385.96,189371.223862872,257770000000,4245297.7896,470930000000,8056243.494,545200000000,6517114.88827,-0.4,99.2,98.3,100,610010000000,50254202.1975112,396580000000,8362914.594,2373042.96678,968.59974,13304056.61752,NaN,149450000000,2758491.4752,86700000000,2999648.70317397,1397000000000,4797200.03088369
01-Nov-2006,355641000000,1725204.37697626,208897,194811050352,175786.42,158700000000,2299538.50720654,635473273385.96,177323.491329331,257770000000,4446712.5444,470930000000,8222006.156,545200000000,6264147.37169558,0.8,100.9,100.1,101.7,610010000000,52317012.0158279,396580000000,7816146.9036,2601120.18148,968.59974,12921196.20876,NaN,149450000000,3141492.6066,86700000000,3086954.46771453,1406000000000,4726391.56816952
01-Dec-2006,355641000000,1292588.64992717,177689,194811050352,180281.02,159500000000,1639947.58581206,635473273385.96,156916.15946365,257770000000,3194799.0396,470930000000,5620203.29,545200000000,4133816.33198263,-0.8,101.8,101.3,102.2,610010000000,36512219.744,396580000000,5920048.6798,2445787.41593,968.59974,11168824.7566,NaN,149450000000,2065096.347,86700000000,2328119.40097348,1409000000000,3953591.86941774
01-Jan-2007,360899000000,1878329.9718839,190778,181274265189,161739.11,159800000000,2266330.21263759,548246810135.008,203600.729246528,263770000000,4484960.7096,476920000000,8230907.724,555600000000,6618243.86411786,1.2,101.5,100.1,102.9,616210000000,56054779.2959424,398070000000,7162604.7572,2410854.9031,828.17614,11508760.992,NaN,152520000000,2944371.8484,88040000000,3048925.14480771,1413000000000,5031775.22052465
01-Feb-2007,360899000000,1429873.74866266,190518,181274265189,187425.91,160000000000,2010582.72642273,548246810135.008,155468.949290206,263770000000,4698181.3872,476920000000,7153842.358,555600000000,6202736.83431403,-1.4,99.8,98.4,101.3,616210000000,51983029.9498992,398070000000,8998801.4586,2535729.03924,828.17614,11937448.89392,NaN,152520000000,2935711.3092,88040000000,2891058.39151702,1428000000000,4399972.55724483
01-Mar-2007,360899000000,1684699.37753779,234951,181274265189,202302.04,160700000000,2475093.517472,548246810135.008,215410.282032355,263770000000,5176601.4132,476920000000,8792499.326,555600000000,6638741.89441872,-0.2,100.6,99.6,101.6,616210000000,58104932.2859274,398070000000,8494849.9956,2200068.3312,828.17614,11812724.02188,NaN,152520000000,3238272.9498,88040000000,3311319.1056077,1422000000000,5372492.90934484
01-Apr-2007,363028000000,1634275.256064,212376,183162206993,154691.93,161100000000,2719521.83410222,621333596230.683,329088.500601206,267330000000,3436030.038,483480000000,8266080.264,566320000000,5356102.5602268,-0.8,101.1,100.9,101.3,623740000000,50078434.0056487,400270000000,7240416.471,2500776.19845,828.36204,12512762.12076,NaN,153300000000,3310698.7656,88470000000,2783069.67792605,1434000000000,4608498.92647008
01-May-2007,363028000000,1953461.88916454,241844,183162206993,224636.17,161100000000,2460365.38651203,621333596230.683,320877.640041084,267330000000,4604346.936,483480000000,7375669.106,566320000000,5995493.52051448,0.8,101.4,100.8,102,623740000000,51230625.7513181,400270000000,8401321.4158,2571547.77398,828.36204,11969457.10116,NaN,153300000000,3175038.2484,88470000000,3114131.17254275,1438000000000,5426831.37821555
01-Jun-2007,363028000000,1688036.92024282,232836,183162206993,221272.43,161600000000,2587171.4175645,621333596230.683,403145.341117605,267330000000,5682730.8804,483480000000,9061592.4594,566320000000,6514125.47717971,-1.9,100,99.2,100.9,623740000000,57372772.1766737,400270000000,9265004.2798,2496816.9678,828.36204,13162111.74068,NaN,153300000000,3167511.8898,88470000000,3061201.20642702,1442000000000,5254530.61813104
01-Jul-2007,367065000000,1573972.4495785,253138,185971678856,205159.34,161300000000,2126380.58999783,666413372431.427,552557.328022308,269350000000,4512474.876,488800000000,8948534.582,565710000000,6131237.93958308,-0.6,100,99.1,100.8,628040000000,56614487.9987197,405050000000,10500145.1542,2538881.27859,813.55215,11966930.794,NaN,155430000000,3550084.5042,89020000000,1983142.01297344,1440000000000,5236121.74060817
01-Aug-2007,367065000000,1872756.00284045,263924,185971678856,245050.66,161400000000,2325394.76970652,666413372431.427,410781.419994053,269350000000,3219738.0012,488800000000,5636684.6822,565710000000,6272568.92290316,-0.5,99.5,98.4,100.7,628040000000,56150760.2797173,405050000000,4109752.3852,2565276.76532,813.55215,13657680.09308,NaN,155430000000,3114639.0162,89020000000,2822332.62833331,1458000000000,5841436.33531971
01-Sep-2007,367065000000,1737737.33757043,241700,185971678856,214388.96,161500000000,2085228.98122541,666413372431.427,449595.190778944,269350000000,4235251.2216,488800000000,7251977.252,565710000000,5742293.42052222,-1.1,99,98.3,99.7,628040000000,52529414.3103835,405050000000,8758662.2366,2524128.30937,813.55215,12233628.9316,NaN,155430000000,3123594.6852,89020000000,3068083.10474476,1463000000000,5084391.34605452
01-Oct-2007,368885000000,2268482.20207066,283405,188082185724,235502,160900000000,2854984.36598237,754558722066.499,335671.383777707,275080000000,5811820.1652,493300000000,9416414.306,574910000000,6801588.90634695,1.1,99.4,98.8,100,634690000000,57593722.4470029,411080000000,10645379.48,2590264.01616,871.61433,13313470.07848,NaN,158000000000,3612404.7882,91230000000,3689310.97995388,1463000000000,6074876.500995
01-Nov-2007,368885000000,1871243.61943834,262729,188082185724,270518.91,161600000000,2724402.6740654,754558722066.499,395644.043638529,275080000000,4347787.1892,493300000000,7900735.544,574910000000,7356185.59820984,0,98.5,98.3,98.7,634690000000,55110456.422772,411080000000,8703472.8424,2574091.40232,871.61433,15543730.29972,NaN,158000000000,3364557.6354,91230000000,3223011.85284412,1468000000000,5141127.76999732
01-Dec-2007,368885000000,1571656.74634637,217025,188082185724,223166.76,161300000000,2532126.17258287,754558722066.499,721427.283177859,275080000000,3132748.6344,493300000000,6445727.132,574910000000,4449605.94228681,-0.4,98.3,97.4,99.3,634690000000,35274639.0122578,411080000000,6838441.6912,2474273.92796,871.61433,13360591.01056,NaN,158000000000,2304261.6852,91230000000,2500347.33403925,1473000000000,4451090.73988947
01-Jan-2008,373067000000,1945606.41049421,242456,179353346859,265815.44,161600000000,2169315.99283276,678782563100.341,609612.87553824,277660000000,5644311.078,499070000000,9118649.111,558180000000,6813132.57329459,0.7,98,98.3,97.6,638970000000,64029710.503,412880000000,8217492.7156,2830875.71943,873.91847,13063343.749,NaN,160800000000,3824120.8602,90230000000,3348049.31728795,1475000000000,5665963.54979347
01-Feb-2008,373067000000,1965431.56274573,239214,179353346859,274736.56,161900000000,2431093.56891015,678782563100.341,820095.75507048,277660000000,6145933.6428,499070000000,8949965.024,558180000000,6817817.20791359,0.8,97.9,98.4,97.4,638970000000,59985926.9834,412880000000,9519627.9092,2541426.77705,873.91847,12885113.86604,NaN,160800000000,3165631.2648,90230000000,3350287.4751409,1457000000000,5435809.69486809
01-Mar-2008,373067000000,1946400.800784,268285,179353346859,195019.73,161900000000,2387986.09479773,678782563100.341,951555.109538665,277660000000,4953735.654,499070000000,8795622.992,558180000000,5895867.91920296,-1.5,98,98.7,97.2,638970000000,54027603.9908,412880000000,9625219.2552,2354398.71348,873.91847,13347506.84896,NaN,160800000000,3517425.1014,90230000000,3193395.02325615,1463000000000,5371547.36482528
01-Apr-2008,373952000000,2288731.01139725,283294,181941884296,228263.34,162300000000,2786108.0380583,770174074407.206,1526355.66252798,278980000000,5679315.7176,499720000000,9048931.32,530110000000,7440875.62682397,0.6,97.2,98.7,95.7,639180000000,60728931.0907182,414230000000,9657163.295,2482437.12732,864.24846,12832898.15596,NaN,161440000000,3939952.3506,90860000000,3762537.8955947,1470000000000,5579787.85107895
01-May-2008,373952000000,2218538.65441613,274542,181941884296,234446.13,163000000000,2119582.35993731,770174074407.206,1277077.09531112,278980000000,5439378.3192,499720000000,7029475.102,530110000000,6734129.53375171,-0.5,96.7,98.2,95.3,639180000000,54663340.7432063,414230000000,9159358.42,2732737.9384,864.24846,12156268.4114,NaN,161440000000,3323446.4472,90860000000,3283579.7088022,1474000000000,5401226.40813309
01-Jun-2008,373952000000,2415562.18365581,292422,181941884296,305379.47,162800000000,2438382.86844565,770174074407.206,1209136.04069736,278980000000,5344054.4052,499720000000,10151221.1996,530110000000,7148947.71939819,-0.2,95.6,96.8,94.3,639180000000,57518249.804635,414230000000,11542962.6684,2592505.14119,864.24846,12157809.5666,NaN,161440000000,3837385.4526,90860000000,3193152.99782041,1497000000000,5315920.39855446
01-Jul-2008,376754000000,2207720.33494003,305384,175071570862,295618.3,162900000000,2229037.05851363,806867668347.328,1367496.17349744,277460000000,5154656.5476,498780000000,8836267.076,503860000000,7074283.44062923,0.1,92.4,93.6,91.3,635920000000,62011245.7853235,409660000000,9983073.0362,2407998.38387,843.13233,12116554.51204,NaN,162920000000,2778845.0592,90330000000,2204984.97183707,1491000000000,5529158.78476408
01-Aug-2008,376754000000,2272213.32212582,299556,175071570862,291817.01,162700000000,1847099.25591076,806867668347.328,1239952.60153456,277460000000,3834004.2552,498780000000,5593620.877,503860000000,5825211.14040136,0.8,91.2,92.7,89.7,635920000000,54670288.032085,409660000000,3892378.3634,2405427.93188,843.13233,11024351.11212,NaN,162920000000,2741448.7116,90330000000,2865149.36984042,1486000000000,5599222.64722725
01-Sep-2008,376754000000,2338070.85921446,286610,175071570862,322581.03,161000000000,2080510.32866675,806867668347.328,1104219.26080717,277460000000,5006972.3508,498780000000,8532205.864,503860000000,6384249.98966182,0.4,90.7,91.7,89.6,635920000000,55599916.9381077,409660000000,10312469.0082,2359639.39269,843.13233,10519889.31748,NaN,162920000000,3227607.7794,90330000000,3589958.47493949,1473000000000,5256002.48287079
01-Oct-2008,375063000000,2505862.36486502,280178,172680461511,291202.08,158800000000,2312092.88957447,867925808663.691,899164.607347085,275440000000,5125684.3764,493340000000,8964698.288,499170000000,6681246.72980949,0.6,86.6,90,83.3,628770000000,55349918.6857125,400530000000,9089051.8116,1878706.84512,890.82453,12633691.8422,NaN,162090000000,3258283.1538,82200000000,3601385.04705726,1464000000000,5373615.70609227
01-Nov-2008,375063000000,1978619.28369178,187374,172680461511,253522.04,158100000000,1866799.99526208,867925808663.691,1027412.90059708,275440000000,4403872.6284,493340000000,6539697.32,499170000000,5588293.14313766,-2.8,84.4,86.9,82,628770000000,47728094.4993829,400530000000,8176535.7508,1810896.3637,890.82453,10852733.6946,NaN,162090000000,3287549.7144,82200000000,2797571.69134676,1465000000000,3889352.41962059
01-Dec-2008,375063000000,1836513.83038886,91314,172680461511,207936.27,155000000000,1978317.53181631,867925808663.691,1402902.3099867,275440000000,3382679.8572,493340000000,7023781.362,499170000000,4142056.9938263,-0.8,80.9,82.6,79.2,628770000000,29755203.1721069,400530000000,5905319.3442,1817753.7873,890.82453,8190613.105884,NaN,162090000000,2277836.0808,82200000000,2355904.54840091,1439000000000,3799503.50516241
01-Jan-2009,378859000000,1942255.58237568,180242,185329531819,148011.04,156500000000,1769397.26030108,776421064681.173,520348.649226,269200000000,3992912.49,484470000000,6466662.852,467540000000,6122825.90414141,-1.1,81.7,82.1,81.3,603870000000,46502147.4910481,393600000000,6905450.2496,1393298.46333,928.66546,6572585.750888,NaN,157710000000,3531338.859,75630000000,2326436.16697617,1444000000000,3804593.29202419
01-Feb-2009,378859000000,2019989.16596928,196546,185329531819,171296.56,157200000000,1774064.66692643,776421064681.173,981581.653923185,269200000000,4431005.4768,484470000000,6539233.168,467540000000,5134110.27907942,-1.4,81.2,79.7,82.6,603870000000,38393548.48519,393600000000,7458321.252,1387955.43577,928.66546,4925540.01576,NaN,157710000000,3107094.2496,75630000000,2416188.20449371,1441000000000,3811864.47194955
01-Mar-2009,378859000000,1979861.94174067,266162,185329531819,211199.64,156000000000,1899442.54820491,776421064681.173,1193597.14598413,269200000000,3917765.208,484470000000,6971116.022,467540000000,5937403.84602775,-0.6,80,77.7,82.4,603870000000,40755921.0905072,393600000000,6942859.0012,1621813.4631,928.66546,4794353.277364,NaN,157710000000,3028208.571,75630000000,2519591.21538782,1434000000000,3891066.10519206
01-Apr-2009,381016000000,1599985.24082074,244700,189676095215,232578.05,155400000000,1810106.22585751,880216743644.363,1159284.43233194,267160000000,3704393.6496,482340000000,6324858.722,423340000000,4835794.24870775,0.9,81.6,78.5,84.8,606760000000,36887764.3465566,392210000000,6413785.9598,1434933.62081,940.61858,5492999.97294,NaN,154860000000,2456900.8212,77060000000,2279044.41966259,1433000000000,3403368.66932552
01-May-2009,381016000000,1848735.66063437,262452,189676095215,195651.39,155300000000,1693144.50712534,880216743644.363,1360655.06369195,267160000000,3123232.5012,482340000000,6212865.5368,423340000000,5283658.37271702,-1.8,82,77.6,86.7,606760000000,32685781.6517475,392210000000,6898610.6872,1515058.1361,940.61858,5426281.2198,NaN,154860000000,2940606.138,77060000000,1962927.36585355,1435000000000,3236259.96357546
01-Jun-2009,381016000000,1892977.70895552,276445,189676095215,209400.31,155500000000,2659322.2185906,880216743644.363,1251691.59106766,267160000000,3810393.8796,482340000000,7060628.146,423340000000,5772781.55999055,0.6,84.1,78.1,90.6,606760000000,36564548.9196516,392210000000,6749798.9718,1471602.90887,940.61858,5956801.015868,NaN,154860000000,3476598.2814,77060000000,2361547.97782459,1438000000000,3944616.69230727
01-Jul-2009,382125000000,1986142.02204211,271385,194491143273,226449.34,155700000000,2180198.30865532,942976921622.106,1288862.89152398,266710000000,4350172.9992,482380000000,7213849.318,438080000000,6077162.95034622,0.5,84.9,78.1,92.3,613140000000,39199725.5512557,394080000000,8554091.1402,1599313.36485,926.13691,6400788.36044,NaN,155860000000,3367692.27,79860000000,1587862.77664609,1435000000000,3928205.79430205
01-Aug-2009,382125000000,1794026.18262912,284904,194491143273,228316.67,155600000000,2744891.75259897,942976921622.106,1590626.540293,266710000000,2867154.15,482380000000,4263128.818,438080000000,5855825.64432313,-2.8,87.2,79.6,95.5,613140000000,34081825.4716645,394080000000,3032278.6824,1612298.53386,926.13691,6080775.6568,NaN,155860000000,2303598.183,79860000000,2162540.84341467,1445000000000,3893498.17886884
01-Sep-2009,382125000000,2069577.51635712,263767,194491143273,286123.46,156800000000,2078174.06727812,942976921622.106,1437271.01234105,266710000000,3798500.2272,482380000000,7496838.986,438080000000,5315861.45754944,1,89,80.2,98.7,613140000000,40797978.3877132,394080000000,8069787.9584,1715026.15521,926.13691,6701152.016572,NaN,155860000000,3370836.5334,79860000000,2998557.2921701,1446000000000,4165010.34009354
01-Oct-2009,384977000000,2250233.41615987,306291,198936838300,264837.94,157000000000,2105928.87008171,1057897314407.44,1341948.66433117,266250000000,4358540.9448,487730000000,7522783.242,446400000000,6123446.6252361,-0.3,89,80.8,98.1,619760000000,41192238.8782345,396250000000,7534446.9468,1677904.67567,996.93616,6829293.202648,NaN,156400000000,3087915.2376,81170000000,2539142.21760315,1467000000000,4612711.30189123
01-Nov-2009,384977000000,2359491.08386253,282512,198936838300,259408.08,157900000000,2091183.76088058,1057897314407.44,1595924.23371106,266250000000,4222324.0416,487730000000,6812474.318,446400000000,5907050.57145147,0,90.9,82.9,99.6,619760000000,40247668.6491857,396250000000,8305777.8496,1675640.19246,996.93616,8393896.574804,NaN,156400000000,3297842.9724,81170000000,2313656.24786068,1464000000000,3991743.86907624
01-Dec-2009,384977000000,1779218.39141376,240594,198936838300,277648.8,158400000000,2257874.80816029,1057897314407.44,1329734.9278484,266250000000,3405581.5164,487730000000,5713355.388,446400000000,4300305.01984901,-0.5,91,83.9,98.6,619760000000,29447254.2477878,396250000000,5801093.007,1853173.08386,996.93616,6286880.43884,NaN,156400000000,2298288.2892,81170000000,2280962.45420416,1458000000000,4102592.87947239
01-Jan-2010,386904000000,1930120.94219366,233395,211329668110,274518.08,159300000000,1702154.38884908,974880577123.302,1344907.1432796,268030000000,3711187.8132,491330000000,7621650.53,429630000000,5602593.26278166,0.1,90.6,83.8,98,625240000000,40104947.5827183,397120000000,4963938.4008,1670733.4055,1062.3759,7674963.667124,NaN,157210000000,2611384.014,87050000000,2096646.29810422,1467000000000,4352930.1219727
01-Feb-2010,386904000000,2193291.62569651,236614,211329668110,259714.24,160200000000,2305563.5826188,974880577123.302,1159887.69510938,268030000000,4386648.6972,491330000000,7187122.384,429630000000,5810748.25179343,0.4,90.5,84.1,97.4,625240000000,43691903.4535382,397120000000,8294981.4648,1805387.70959,1062.3759,7754354.08146,NaN,157210000000,2916351.3678,87050000000,2678785.8617204,1469000000000,4593128.09157068
01-Mar-2010,386904000000,2675420.15293133,318011,211329668110,309806.16,160900000000,2828476.3174649,974880577123.302,1970655.62483943,268030000000,4529831.4012,491330000000,8713723.044,429630000000,6759525.8370419,1.6,92.1,85.6,99.1,625240000000,51450811.3586159,397120000000,9487268.0708,1811841.71788,1062.3759,7688979.507184,NaN,157210000000,3389943.825,87050000000,3133026.45404275,1481000000000,5595389.98225639
01-Apr-2010,388940000000,2057645.61787699,274873,213475687926,359153.69,160800000000,2755510.18326044,1106907260996.57,2237180.77741196,267360000000,4808787.2448,495940000000,8165095.692,444690000000,6501442.71564675,0.2,95.2,90,100.7,635290000000,48155674.5181759,401310000000,8893023.607,1887653.80291,1070.2816,8922003.553352,NaN,159590000000,3396660.3378,91430000000,2922669.5362543,1490000000000,5101989.49721163
01-May-2010,388940000000,2437751.58292723,297374,213475687926,402193.15,161500000000,2997601.53625108,1106907260996.57,2630519.38717659,267360000000,5426713.74,495940000000,7383717.276,444690000000,6332795.49377735,-0.1,95.5,90.7,100.5,635290000000,45635629.2326471,401310000000,9447236.5842,1824943.05348,1070.2816,9587094.91796,NaN,159590000000,2497583.2446,91430000000,2837528.84844738,1490000000000,5399949.50845584
01-Jun-2010,388940000000,2483885.67740544,283997,213475687926,354162.7,161900000000,3205333.31622554,1106907260996.57,2576700.01105508,267360000000,5321479.4388,495940000000,8582165.436,444690000000,7078152.72936095,-1.4,96.1,92.1,100.3,635290000000,50951079.6081471,401310000000,10883631.5194,1914815.64043,1070.2816,9501928.0776,NaN,159590000000,3521779.4076,91430000000,3062168.0581996,1498000000000,5855337.21278469
01-Jul-2010,391580000000,2442148.40141606,290756,216388706483,350563.89,162100000000,3144671.90593793,1180998184857.94,2646280.5397543,267960000000,5712710.5308,501050000000,8746403.016,469950000000,7895072.17552493,-0.5,98.5,94.8,102.3,645540000000,57077681.8465656,403660000000,12254156.753,2040003.54513,1077.5858,9869126.30092,NaN,160540000000,3245550.8712,95820000000,1991724.20825237,1505000000000,5589650.93263218
01-Aug-2010,391580000000,2516153.18808691,308387,216388706483,560735.08,162600000000,3270316.33539408,1180998184857.94,2645119.19579732,267960000000,3592980.8796,501050000000,5832094.164,469950000000,7058215.54303614,0.2,99.5,95.4,103.7,645540000000,49463730.2564911,403660000000,5005365.6082,2191088.20447,1077.5858,8804970.600336,NaN,160540000000,2682848.7198,95820000000,2610804.40860235,1505000000000,6075627.75004364
01-Sep-2010,391580000000,2963344.1511168,278441,216388706483,418413.01,162600000000,3015710.55130146,1180998184857.94,2837279.11076761,267960000000,5331718.1064,501050000000,8351400.486,469950000000,7187637.62858699,0.1,99.9,96.9,103,645540000000,56624553.3147538,403660000000,11386197.7316,1989634.87565,1077.5858,9489714.24556,NaN,160540000000,3595700.9796,95820000000,3220687.4322202,1513000000000,6094878.00836656
01-Oct-2010,395607000000,2688529.17776678,293567,219552479150,368775.64,163400000000,3281717.93379708,1329180032580.68,2749702.25128228,269360000000,4801548.3768,505320000000,8395620.792,482520000000,6923801.28836664,0.9,101.5,98.4,104.8,652560000000,52977668.2881941,407450000000,10534171.8864,2135698.7782,1133.8712,9661528.42692,NaN,161490000000,3372275.862,99670000000,3157923.53047376,1522000000000,6129730.15470158
01-Nov-2010,395607000000,2951184.94864934,301940,219552479150,367421.48,164200000000,3155550.93300963,1329180032580.68,2970854.66750269,269360000000,6970326.2244,505320000000,8144267.82,482520000000,7511511.82529663,-1,103.5,100.9,106.1,652560000000,59441174.3500582,407450000000,10588677.9386,1934754.80917,1133.8712,10386105.64776,NaN,161490000000,3642211.0572,99670000000,3135749.39993301,1519000000000,5840149.41923807
01-Dec-2010,395607000000,2130055.11435763,264780,219552479150,310286.94,165300000000,2587807.60049455,1329180032580.68,3225512.69103281,269360000000,2386096.7088,505320000000,7315704.136,482520000000,5431224.014866,-1.7,103,100.4,105.6,652560000000,40706885.4144841,407450000000,9828228.5068,2034917.89914,1133.8712,8794729.67436,NaN,161490000000,3558617.0016,99670000000,2902216.85281289,1531000000000,4840903.63609779
01-Jan-2011,394551000000,2615579.91598886,239301,211077617209,339066.49,165900000000,3717460.07909522,1161877522746.02,2904332.26523853,267990000000,5388344.7996,511320000000,9300079.724,470860000000,7264946.59064038,-1.8,101.6,99.6,103.6,665540000000,58848431.7828139,411850000000,9087057.9048,2166534.74398,1106.9624,9428976.55116,NaN,162190000000,3402812.3622,103840000000,2733510.19176643,1518000000000,6941755.06628781
01-Feb-2011,394551000000,2836803.99959194,295946,211077617209,411601.78,165600000000,3715611.48308349,1161877522746.02,2942692.83898921,267990000000,5603839.332,511320000000,8100872.546,470860000000,7985236.61022515,-3.3,102.4,101.7,103.1,665540000000,58314958.5818756,411850000000,11647012.97,2411327.42372,1106.9624,11373697.93792,1.5,162190000000,3986041.3098,103840000000,3321668.86780441,1522000000000,6905176.60953259
01-Mar-2011,394551000000,3008092.13411942,296322,211077617209,460192.45,166100000000,3959862.03981275,1161877522746.02,4155064.29599443,267990000000,6870968.3364,511320000000,9890311.912,470860000000,8376395.00492751,-0.3,102,101.6,102.4,665540000000,68342353.3024938,411850000000,12823387.0606,1888006.43173,1106.9624,10475549.64116,5.7,162190000000,4365687.3,103840000000,3986013.76164308,1546000000000,7213306.33391787
01-Apr-2011,399208000000,2733764.29259789,283219,210636713175,384775.27,166100000000,3479682.32798394,1321983133535.9,4894173.01263173,267780000000,5239540.8744,512910000000,9242214.592,485210000000,7502176.14024185,-0.1,102.3,102.9,101.8,668070000000,58433318.1938,412860000000,12131362.7782,1986378.70921,1090.4889,11778193.51508,4.3,162130000000,3961214.688,102710000000,3357396.47015038,1552000000000,6816722.40088366
01-May-2011,399208000000,2891512.43702746,305251,210636713175,468856.81,165700000000,4116524.3640171,1321983133535.9,3516489.98768388,267780000000,6511232.4648,512910000000,9840337.39,485210000000,7646850.2575662,1.6,102.5,103.4,101.6,668070000000,63710873.3338,412860000000,12835728.8174,2071487.50371,1090.4889,11205474.26792,2.7,162130000000,4609863.4728,102710000000,4125741.89169529,1551000000000,7219454.41867827
01-Jun-2011,399208000000,2882979.98305152,296050,210636713175,470242.58,166500000000,4191779.68573546,1321983133535.9,3425638.67542149,267780000000,6388574.6064,512910000000,9895782.104,485210000000,8618510.22379624,0.5,101.8,102.2,101.4,668070000000,58947198.8588516,412860000000,13255612.4624,2123846.65161,1090.4889,12063124.55508,1.7,162130000000,4270213.7124,102710000000,3396210.19839585,1546000000000,7808978.1585651
01-Jul-2011,404551000000,2697945.6320256,308798,212425697947,421271.69,167600000000,3412219.99510247,1407595161527.71,4131970.03396045,265550000000,6306553.2516,515240000000,9284248.168,466000000000,8425472.97831679,-0.2,102.2,103.1,101.4,676840000000,59475541.9473692,413030000000,13929891.4908,1972290.55965,1107.0524,11953190.91448,-2.2,163040000000,4857200.2638,102870000000,1835613.34483028,1556000000000,6765488.74236502
01-Aug-2011,404551000000,3285943.22374349,326213,212425697947,539302.45,168500000000,4452837.67752426,1407595161527.71,4213207.78650369,265550000000,4745618.6988,515240000000,7030586.42,466000000000,8598129.75404827,-0.4,99.3,101.5,97.1,676840000000,61744226.9466,413030000000,6260028.356,2075043.6488,1107.0524,10995630.27392,-3.2,163040000000,4335742.2984,102870000000,3193921.93356617,1566000000000,8405719.13580757
01-Sep-2011,404551000000,3001588.0893335,261130,212425697947,467007.17,169000000000,4668755.26102916,1407595161527.71,3665353.11155543,265550000000,6006302.5176,515240000000,9725922.882,466000000000,8460783.76724402,0.2,97.7,99.6,95.8,676840000000,68617422.7926,413030000000,13163950.195,1980897.56401,1107.0524,11795725.45096,-0.5,163040000000,4543942.23,102870000000,3374753.23547443,1555000000000,7419561.52103808
01-Oct-2011,409213000000,2711604.3196704,270949,209658806314,464367.76,169000000000,4167158.30745077,1534345436736.37,2662429.13600975,262440000000,5515109.4264,518120000000,9239954.308,472160000000,8069450.23182741,0.6,97.4,99.7,95.2,679090000000,56076561.3452,411500000000,12878492.8344,2014724.94209,1173.4864,12115110.69492,-3.1,162700000000,5259805.0302,102000000000,3534861.88057555,1581000000000,7002837.4402917
01-Nov-2011,409213000000,2746087.90508237,273358,209658806314,426080.84,169100000000,3862915.43441922,1534345436736.37,3660987.20811477,262440000000,6829597.5972,518120000000,9042271.16,472160000000,7996031.45451295,-0.7,98,100.5,95.5,679090000000,59548964.4948,411500000000,12548546.6988,2164142.77237,1173.4864,14207308.61152,-4.8,162700000000,5037152.0928,102000000000,3770555.07881704,1579000000000,7012420.31611389
01-Dec-2011,409213000000,2685688.64020301,261245,209658806314,393739.12,170000000000,3628661.0229197,1534345436736.37,3913441.3762475,262440000000,4573949.688,518120000000,8001495.216,472160000000,5851530.74130071,-0.2,97.9,100.4,95.4,679090000000,40644794.6784,411500000000,9267760.6818,2123395.70427,1173.4864,11579776.7824,-1.3,162700000000,3642666.1596,102000000000,2986336.66063892,1579000000000,5888170.56229271
01-Jan-2012,413003000000,2697525.96783437,210604,231019018285,401825.63,169800000000,4191645.14735855,1447592850377.19,1995985.53777199,261540000000,5746082.9412,520250000000,9623410.316,489650000000,8146326.27248891,-0.4,98.2,99.6,96.8,681230000000,65900469.5786884,408160000000,10995998.84,2303716.5846,1224.8097,12671251.31172,-1.8,162810000000,4907295.8304,104990000000,3367467.25909558,1588000000000,7513571.73978725
01-Feb-2012,413003000000,2900809.85494925,219068,231019018285,349695.57,169400000000,4681174.420877,1447592850377.19,3469519.21158705,261540000000,5754600.5328,520250000000,9569625.78,489650000000,8914619.4734464,-0.1,99.1,100.3,97.8,681230000000,61793815.9176782,408160000000,11485991.9782,2170344.25212,1224.8097,13217676.30384,-1.7,162810000000,5132220.5274,104990000000,3283202.45556778,1617000000000,7775691.62584554
01-Mar-2012,413003000000,3174419.89695283,313178,231019018285,392939.91,169800000000,4582801.48682913,1447592850377.19,4775864.3384211,261540000000,5900060.5608,520250000000,10853045.58,489650000000,9732059.16213759,-0.6,99.4,100,98.7,681230000000,66660875.8511681,408160000000,13680960.9588,2061904.74033,1224.8097,13164202.15144,-2.8,162810000000,4676825.9712,104990000000,3897850.02218163,1601000000000,8241764.31935405
01-Apr-2012,416122000000,2962472.12948544,266275,235088541472,427493.73,170400000000,4676765.49947843,1618985870992.55,3903870.16467221,258880000000,5469651.852,521350000000,9612463.302,505110000000,8577125.92859329,1.1,99.7,101.4,98.1,683490000000,56154613.3766288,406800000000,12610704.0176,2125183.58557,1204.2271,14002810.47632,-3.4,163240000000,4371203.0094,105300000000,3127864.8936292,1613000000000,7625078.92804454
01-May-2012,416122000000,3663317.30606899,286215,235088541472,401122.27,170600000000,4511579.23954823,1618985870992.55,5063356.8655781,258880000000,6072511.4352,521350000000,8866881.4,505110000000,8956589.48861789,1.6,98.9,100.8,97,683490000000,57643525.6651989,406800000000,12825391.7166,1892756.37187,1204.2271,13916707.4606,-4.9,163240000000,4646173.713,105300000000,3494635.40112664,1617000000000,8410144.64044799
01-Jun-2012,416122000000,2832788.19901862,277722,235088541472,386865.28,170700000000,4959672.3771473,1618985870992.55,4883436.56435137,258880000000,6790442.3832,521350000000,10889784.438,505110000000,8080076.28944705,-1.4,97,98.7,95.3,683490000000,58388333.3242,406800000000,14171592.2086,1934280.63914,1204.2271,12842656.79244,-4.8,163240000000,5262970.1088,105300000000,3390196.05707973,1616000000000,7838923.45912061
01-Jul-2012,418597000000,3557379.61238246,301142,235005007125,446159.96,171100000000,4311917.94485476,1702832816329.56,4180545.5832751,257490000000,7440157.5108,523620000000,9534017.896,522700000000,9185533.34750741,3.2,95.3,96.9,93.8,690580000000,63284524.8075291,405390000000,15065981.9074,1995165.15888,1190.1802,13000671.93092,-5.4,162810000000,4398521.508,110900000000,1952539.71555368,1626000000000,7504150.36149998
01-Aug-2012,418597000000,3695049.52832294,333316,235005007125,404305.34,170800000000,4628306.84388873,1702832816329.56,4356825.48018573,257490000000,4063482.5448,523620000000,7343209.796,522700000000,9209468.51340403,-0.8,94.8,96.7,92.9,690580000000,62193120.5203453,405390000000,6854501.2054,1703094.23827,1190.1802,11107131.13776,-4.7,162810000000,4768057.86,110900000000,3478847.11433814,1621000000000,8478251.46772734
01-Sep-2012,418597000000,2859183.04874611,289693,235005007125,406362.23,170800000000,4253867.80680737,1702832816329.56,2170280.87493638,257490000000,5451258.2124,523620000000,8229027.82,522700000000,8021860.79778366,-2.6,94,95.2,92.8,690580000000,55676804.5566249,405390000000,12724881.9502,1885134.82149,1190.1802,11323314.44664,-6.6,162810000000,5036424.7644,110900000000,3203562.87473965,1630000000000,6917156.390037
01-Oct-2012,420816000000,2933968.79509747,323940,236066991028,475492.35,170700000000,4437814.45487395,1871759750317.35,2688730.37967696,253190000000,6742060.8612,523980000000,9904403.21,546820000000,9110388.92756762,-0.3,94.5,95.3,93.7,691110000000,60785132.69972,403930000000,13855553.7928,1816210.64071,1262.7557,13493338.79024,-7.6,163790000000,5156849.7588,108190000000,3269404.5795314,1627000000000,8085247.64198311
01-Nov-2012,420816000000,2847988.01882918,314727,236066991028,425995.42,171600000000,5513025.08886006,1871759750317.35,2535654.88921758,253190000000,6369961.8192,523980000000,9614334.704,546820000000,9613983.00688999,0.1,94.1,95.2,92.9,691110000000,60254503.83535,403930000000,12615766.8908,1989617.16628,1262.7557,14686277.41016,-6.8,163790000000,5060839.6488,108190000000,3152688.13110977,1635000000000,8247900.84996676
01-Dec-2012,420816000000,2433861.78808819,268504,236066991028,334639.54,171500000000,3779609.01244718,1871759750317.35,4465680.79963609,253190000000,4254140.0748,523980000000,7849555.272,546820000000,5964107.29510648,-0.2,95.4,95.6,95.1,691110000000,35335316.0005705,403930000000,8665021.907,1928863.48103,1262.7557,11048103.03892,-5.6,163790000000,3678869.775,108190000000,2143587.00810333,1646000000000,6346556.21621004
01-Jan-2013,422061000000,2776359.67562342,291884,232239060406,427753.53,172500000000,5658782.49482157,1572545005792.67,4232457.92273023,255910000000,6250056.5652,525480000000,9412107.328,538300000000,9845023.08141012,-2.4,96.6,96.5,96.6,692990000000,64905739.2273763,400790000000,12125506.1394,1691582.77372,960.58763,12151225.3594,-5.6,163980000000,5051534.4048,111230000000,3651084.81694226,1661000000000,8311140.62439705
01-Feb-2013,422061000000,3095974.32167232,242072,232239060406,469807.76,173000000000,5101671.66119536,1572545005792.67,2546702.7141306,255910000000,6432246.8364,525480000000,9170867.082,538300000000,9001415.97140403,0.1,97.5,95.3,99.8,692990000000,56589750.6438,400790000000,12952556.8466,1850250.29532,960.58763,12890559.79368,-3.7,163980000000,4312190.6076,111230000000,3254848.6839286,1652000000000,7906333.46970161
01-Mar-2013,422061000000,2611822.58809613,329103,232239060406,448457.99,173600000000,4963596.56691632,1572545005792.67,3625787.96684733,255910000000,6174972.1404,525480000000,9107890.896,538300000000,9200271.95461852,2.3,97.9,96.5,99.3,692990000000,58722078.1708,400790000000,12517413.9444,2322178.05019,960.58763,11647049.8472,-5.1,163980000000,4740815.1528,111230000000,3560791.66142451,1658000000000,8470339.710276
01-Apr-2013,423882000000,2781198.4700544,352328,232957731801,506398.09,173900000000,5229685.31861288,1743896509515.06,4259181.01549819,255180000000,6086086.5324,529910000000,10132539.612,513840000000,9521171.47101281,1.6,96.1,93.9,98.4,701810000000,60288983.0132759,403010000000,13022042.3278,1968440.28786,966.29669,12426031.9902,-5.6,164960000000,4893649.1304,110360000000,3657512.7608758,1659000000000,8477784.34926018
01-May-2013,423882000000,2876284.03784832,344556,232957731801,491476.84,174400000000,5110998.59422108,1743896509515.06,3879815.62400818,255180000000,5872048.2996,529910000000,7972647.332,513840000000,9800959.29992124,1.7,97.1,95.6,98.6,701810000000,53849329.7763065,403010000000,13193512.3098,2247980.68284,966.29669,12502046.35756,-4.1,164960000000,4250282.1318,110360000000,3346114.13746573,1659000000000,8423899.93260696
01-Jun-2013,423882000000,2700640.8528169,323853,232957731801,447886.98,173800000000,4213336.29287092,1743896509515.06,3041681.15523233,255180000000,5817721.098,529910000000,8819677.88,513840000000,8845100.63666906,1.3,96.7,95.5,97.9,701810000000,47493686.2042479,403010000000,11678025.3194,2018253.16345,966.29669,11409911.40372,-3.8,164960000000,4149511.359,110360000000,2887601.89214088,1673000000000,7030287.91641206
01-Jul-2013,427334000000,3124657.45682957,316740,233226690457,473178.86,174800000000,5007705.00907403,1849624033088.45,3327757.7057941,254820000000,7349355.0228,530050000000,10570323.244,518630000000,10393347.1700101,-0.3,97.8,96.6,99,709110000000,63067242.7995511,404140000000,16385065.588,2059637.63938,969.07407,12755843.46224,-3.1,165610000000,5086361.3496,110040000000,2390826.51622614,1679000000000,8462396.247371
01-Aug-2013,427334000000,2929497.15238541,343562,233226690457,413036.18,175500000000,5038125.30133458,1849624033088.45,3818787.65081386,254820000000,5571976.4352,530050000000,8184168.954,518630000000,9737193.12157237,-0.8,98.6,96.7,100.4,709110000000,57787902.9766218,404140000000,8122120.5084,2228628.80277,969.07407,12870614.05236,-1.4,165610000000,4654770.3906,110040000000,3481585.2085896,1687000000000,9278904.61954999
01-Sep-2013,427334000000,3097532.8531319,322776,233226690457,509749.66,176100000000,5340453.31846758,1849624033088.45,4715810.01889922,254820000000,6317899.4172,530050000000,9445946.848,518630000000,9495052.24684035,2.2,98.7,96.6,100.8,709110000000,56847817.27108,404140000000,13117111.1144,2398927.59287,969.07407,11807913.14972,-2.4,165610000000,5387587.8438,110040000000,3776495.76991603,1689000000000,8332603.7538285
01-Oct-2013,430860000000,3148463.03028365,322677,235371949049,500590.86,177100000000,5420023.47442813,2039204420185.55,3562578.53032963,254440000000,7796150.292,532510000000,10994699.352,526030000000,10136921.3013345,0.8,98.4,97,99.8,712540000000,61522694.8951302,404410000000,14361079.5948,2268790.10131,1028.7106,13465137.12264,-0.3,165940000000,6265388.6166,109080000000,4211911.22060749,1700000000000,9201696.69250843
01-Nov-2013,430860000000,3059057.59384474,293155,235371949049,609902.55,177500000000,4536153.0042216,2039204420185.55,4666389.30612711,254440000000,7449493.716,532510000000,8729279.832,526030000000,10305007.2127469,0.6,99.6,97.9,101.3,712540000000,57874249.0436,404410000000,14284115.6718,2205915.76858,1028.7106,13138253.00668,-0.3,165940000000,5863698.2322,109080000000,3826646.60689009,1712000000000,7767950.0955399
01-Dec-2013,430860000000,2567729.31704678,231107,235371949049,571331.11,176800000000,4183131.52809975,2039204420185.55,5014548.1402038,254440000000,5644018.3716,532510000000,10237383.182,526030000000,7608106.54792169,0.7,100.1,98.7,101.6,712540000000,37272177.9144131,404410000000,10484844.8546,2205999.56642,1028.7106,11940269.85288,0.1,165940000000,4500687.5364,109080000000,2555789.83012135,1713000000000,8699838.28943744
01-Jan-2014,433778000000,3560662.07748979,237390,231676037162,521085.68,176800000000,4366615.11859664,1725160592593.65,3021495.28592431,256310000000,7395883.3452,535200000000,9160132.358,540160000000,10038513.8966862,0.4,101.2,99.6,102.7,725590000000,65593767.7616493,406530000000,12718963.6082,2188041.16419,912.90972,12060868.59316,0.7,167280000000,5644286.3064,110750000000,3521971.55386655,1703000000000,8799490.76299611
01-Feb-2014,433778000000,3257244.6010368,281627,231676037162,537817.19,177700000000,5125019.48185656,1725160592593.65,3428628.15195135,256310000000,7460336.436,535200000000,9548457.906,540160000000,9579235.78105914,0,101.3,99.9,102.7,725590000000,60482320.5611028,406530000000,14102287.649,2214751.42247,912.90972,12037971.329,-0.1,167280000000,5329942.5192,110750000000,3542426.36271337,1712000000000,8664335.57834764
01-Mar-2014,433778000000,3618622.10173094,272754,231676037162,610406.57,178200000000,6679821.41480144,1725160592593.65,5663250.71568661,256310000000,6973274.1036,535200000000,9894835.99,540160000000,10576180.1201692,-1.1,101.3,100.7,101.9,725590000000,61514547.3690412,406530000000,14715834.884,2293222.64401,912.90972,13169734.44752,1.1,167280000000,5290668.237,110750000000,3553434.04672116,1716000000000,8996265.56731524
01-Apr-2014,436076000000,3238371.15869837,277091,231618502774,635086.12,178600000000,6446337.21487667,1917525800716.67,5356515.02752903,256980000000,6891307.5504,535810000000,10563086.43,554610000000,10173131.3677623,-1.2,102,102,102.1,729290000000,57341012.8786669,406070000000,14949797.2946,3001924.49895,907.86524,13713382.67612,0.3,166720000000,5299358.9724,109860000000,3540539.32961145,1732000000000,9104361.04384252
01-May-2014,436076000000,3629909.45196211,281355,231618502774,613211.27,179700000000,6365793.52188121,1917525800716.67,4464523.93737152,256980000000,7840486.7856,535810000000,9094082.088,554610000000,9879304.03617412,-1.2,100.6,99.9,101.3,729290000000,59583501.3408201,406070000000,16354036.7658,2247065.57405,907.86524,13463951.6932,0.7,166720000000,5004808.635,109860000000,3699734.26917219,1745000000000,8526538.91560538
01-Jun-2014,436076000000,3393214.61323046,215943,231618502774,657385.96,180500000000,5532892.01028587,1917525800716.67,4193635.0007272,256980000000,7856257.2984,535810000000,11091070.926,554610000000,10397190.1459307,-0.4,100,99.6,100.4,729290000000,56848959.5727642,406070000000,15953437.046,2569389.65631,907.86524,14058792.32384,0.7,166720000000,5176703.955,109860000000,3376494.99247082,1753000000000,9003434.41019763
01-Jul-2014,438269000000,3995664.09711744,254348,232776289518,726179.2,180800000000,5852378.4824083,2027798849959.16,4124138.49274942,258250000000,8630360.9448,538710000000,10987417.948,569090000000,10754351.5105758,0,99.5,99.1,99.9,734550000000,66028707.1422,407010000000,19555181.6808,2179297.27549,900.68928,14373876.50896,1.2,167800000000,5102791.5516,109310000000,2235110.96171197,1766000000000,9388753.92052686
01-Aug-2014,438269000000,3512309.73034445,264637,232776289518,602022.82,180400000000,5807601.64412102,2027798849959.16,4127004.17941624,258250000000,4471334.7504,538710000000,6350005.87,569090000000,9791895.37670478,-1,98.2,98.4,97.9,734550000000,52537506.7630625,407010000000,6322803.6142,2317855.66637,900.68928,12023671.72756,0,167800000000,4278742.599,109310000000,3436307.32503969,1778000000000,8573122.65720372
01-Sep-2014,438269000000,3615774.90936077,300931,232776289518,644678.91,181100000000,6443604.38615078,2027798849959.16,4707383.16832249,258250000000,7998560.0604,538710000000,10479409.2,569090000000,10310641.1749288,0.3,97.3,97.9,96.8,734550000000,60244585.4822205,407010000000,16918662.5768,2291162.45064,900.68928,14193824.80832,-0.2,167800000000,5326219.7844,109310000000,3803138.94783591,1772000000000,9033267.38525393
01-Oct-2014,439841000000,3667934.84633664,293328,231277407468,781021.23,181600000000,6997998.85668407,2215263033671.4,3765966.67780875,260620000000,8625505.77,541700000000,11379690.062,590790000000,10668627.0283826,-0.7,95.9,96.2,95.7,742240000000,63031325.6753282,408670000000,17520180.5496,2223629.64772,964.56241,14493668.4448,2,169710000000,6610322.358,109720000000,3910310.79030144,1784000000000,9908737.74926496
01-Nov-2014,439841000000,3370429.5240887,264830,231277407468,529578.21,181800000000,6359854.76252032,2215263033671.4,3755486.80255946,260620000000,6822067.434,541700000000,9432782.008,590790000000,9880836.91266553,1,96,96.1,95.8,742240000000,57500238.6306726,408670000000,16107380.0386,2097016.01985,964.56241,14058746.92612,2.4,169710000000,5549946.0498,109720000000,3300037.7121182,1787000000000,7829629.13616474
01-Dec-2014,439841000000,3010182.75969946,207597,231277407468,568381.14,182000000000,6259614.14157266,2215263033671.4,4823301.33302646,260620000000,5493338.0796,541700000000,10175473.438,590790000000,7698116.19362411,2.3,98.2,98.4,98,742240000000,41596135.2994,408670000000,11844278.8682,2238696.5968,964.56241,12233757.80856,3.4,169710000000,4188213.6126,109720000000,2683505.33008135,1784000000000,9537705.65046989
01-Jan-2015,443529000000,3586875.55349376,204716,269680878048,758465.04,181300000000,6046543.79818269,2186849717438.28,3185306.78239935,265850000000,8050188.342,546700000000,9423298.742,596640000000,11259578.5801741,2.6,98.8,98.7,98.8,745490000000,67234229.4954,409840000000,15039244.11,2446194.33847,991.065,11950745.28124,2.8,169710000000,5547569.6478,111150000000,3304217.25032199,1791000000000,8336889.95540528
01-Feb-2015,443529000000,3505362.69324595,205953,269680878048,703730.72,181100000000,6784289.99957818,2186849717438.28,2706319.63318595,265850000000,8027845.1064,546700000000,10397495.108,596640000000,10644430.6485751,1.7,98.8,98.1,99.5,745490000000,60795677.712,409840000000,19323060.4546,2449969.86891,991.065,12617652.495,2,169710000000,6066281.7768,111150000000,3570878.04721838,1806000000000,8729994.17943176
01-Mar-2015,443529000000,3847931.79930931,256480,269680878048,839363.03,180900000000,6531162.39683906,2186849717438.28,4601065.51999003,265850000000,8830977.4896,546700000000,11492871.91,596640000000,11411468.628954,0.9,99.2,98.7,99.7,745490000000,69789645.6078871,409840000000,17602463.791,2416827.41002,991.065,12532705.04744,1.4,169710000000,6215082.3492,111150000000,4217852.82644524,1798000000000,9921418.21943816
01-Apr-2015,444299000000,3791705.87242022,219623,265623646336,742917.11,180900000000,6425376.54217535,2438677547242.56,4242527.52112055,268180000000,8099964.0708,547580000000,11123869.848,637430000000,9920401.94363765,-0.7,100.3,100.5,100.2,753700000000,62794127.6184806,412210000000,18489230.0734,2349728.44574,989.5758,13730327.48928,3.3,172270000000,5495861.0802,113690000000,4027266.24531538,1816000000000,9169647.50084714
01-May-2015,444299000000,3422545.07955571,213047,265623646336,665182.64,180700000000,6870413.92469934,2438677547242.56,4104504.94826065,268180000000,7762489.2324,547580000000,9630247.38,637430000000,10116385.1500251,-0.7,100.7,100.8,100.6,753700000000,57050744.7241674,412210000000,18233432.2684,2429873.14102,989.5758,13419487.278,4.1,172270000000,5061014.9496,113690000000,3527177.08750556,1820000000000,9360499.77038293
01-Jun-2015,444299000000,3688494.64081613,187608,265623646336,773138.1,181300000000,6898044.17946216,2438677547242.56,4214352.86876624,268180000000,9898994.0532,547580000000,12139368.982,637430000000,10481946.2712587,0.1,100.4,100.5,100.4,753700000000,62208559.6514312,412210000000,20193388.2088,2441580.03423,989.5758,14274946.67548,4.6,172270000000,6148505.0382,113690000000,3796744.22282141,1829000000000,9701578.2123442
01-Jul-2015,449110000000,4375889.7276864,223145,263543164680,749533.23,181700000000,6016172.15783259,2555907743875.58,4585838.71112828,270630000000,9661844.1276,551180000000,11374976.938,667010000000,11529151.8711042,-0.5,99.7,100.5,98.9,759650000000,68709695.1376,415110000000,22003972.4284,2410887.06899,982.651,13415747.85168,3.7,174290000000,6090946.3728,113920000000,2280444.77974209,1832000000000,9167305.89254924
01-Aug-2015,449110000000,3587769.59648448,216991,263543164680,666265.8,182100000000,5748724.76106802,2555907743875.58,4281499.08066227,270630000000,5752219.662,551180000000,7843858.516,667010000000,9697477.77176429,0.5,100.6,101.1,100.2,759650000000,60200991.6319575,415110000000,8595173.5356,2216849.07902,982.651,11792910.04672,3.5,174290000000,5867647.173,113920000000,3733474.48145404,1833000000000,9402973.59849782
01-Sep-2015,449110000000,3681907.20525619,176757,263543164680,617602.88,181400000000,6825849.35678249,2555907743875.58,4379486.70808303,270630000000,8265367.7064,551180000000,10984241.944,667010000000,10050854.3865981,-0.6,99.7,100.4,98.9,759650000000,62669065.5818856,415110000000,21311710.3374,2309668.08147,982.651,13352116.74464,3.8,174290000000,6304268.9322,113920000000,4320924.16605316,1839000000000,9615794.59422491
01-Oct-2015,451668000000,3896031.31221005,208097,259360559629,733136.81,181600000000,6531372.69798968,2787473564385.26,3820818.10993561,272930000000,11185278.2748,553020000000,11581863.618,671520000000,9704016.84246886,0.2,100.2,99.7,100.7,764520000000,65018926.9443623,417100000000,19348158.2312,2742721.10136,1042.8893,14963911.8874,2.4,173820000000,6376850.9328,116670000000,4090256.58783679,1837000000000,9488238.94669452
01-Nov-2015,451668000000,4196009.1249289,173874,259360559629,679122.88,181900000000,6353354.63357433,2787473564385.26,4299917.81893746,272930000000,8676615.024,553020000000,10756236.374,671520000000,8438456.2289334,-1.1,100.9,100.5,101.4,764520000000,66492414.5027113,417100000000,18897466.9602,2103983.91192,1042.8893,15705521.47348,4,173820000000,5607288.0672,116670000000,3632290.01387078,1832000000000,8268686.03455816
01-Dec-2015,451668000000,3151263.37281677,141798,259360559629,653137.07,182000000000,5781073.99309063,2787473564385.26,4364205.8234437,272930000000,6248974.998,553020000000,10116577.744,671520000000,6657487.81548352,0.1,100.6,100.6,100.7,764520000000,46415050.5989386,417100000000,13271109.4584,2237051.54673,1042.8893,12575673.4908,3,173820000000,4802128.3068,116670000000,3193689.28109547,1836000000000,8597253.86984646
01-Jan-2016,455436000000,3369632.85906509,152778,261466078543,596320.14,183200000000,6762780.02441746,2208082717709.35,3319390.19282961,275040000000,8353474.626,557750000000,11047622.586,669150000000,9568538.06390161,2.7,99.7,100.1,99.2,774360000000,77864563.6662213,421640000000,15359588.9066,2121814.56309,1127.7722,12376088.05808,3.2,174750000000,5712689.0538,116390000000,3478786.71398268,1837000000000,9249399.25124615
01-Feb-2016,455436000000,4259228.06757888,144333,261466078543,630081.05,182800000000,6397919.96976621,2208082717709.35,2925494.30189733,275040000000,10082593.2312,557750000000,11793594.852,669150000000,10103277.6780515,0.4,98.8,99.9,97.7,774360000000,71216616.2806833,421640000000,18472813.1832,2230854.41048,1127.7722,14616909.5076,3.1,174750000000,6216699.6336,116390000000,3708533.38596061,1836000000000,9613996.43736232
01-Mar-2016,455436000000,4138681.71868378,200352,261466078543,843608.81,182300000000,7496121.97120151,2208082717709.35,4202519.95093858,275040000000,10098890.2392,557750000000,13104009.854,669150000000,10483579.818166,-0.3,99.3,99.6,99,774360000000,73169413.1640443,421640000000,20712152.4184,2556071.10226,1127.7722,13549572.13796,3.9,174750000000,7080720.1776,116390000000,4393815.5818325,1855000000000,10075522.2250302
01-Apr-2016,458652000000,3678969.09613094,171298,259745572152,733982.69,182500000000,7500659.09700165,2466417518426.58,4521596.12643259,276760000000,9415390.3956,556100000000,12269702.432,635760000000,9488845.88035037,2.1,100.3,100.5,100.2,780290000000,68669736.3581689,422700000000,21281276.7696,2222273.54992,1114.984,13631538.82584,4.7,175930000000,6491511.4974,117770000000,4281525.39818869,1861000000000,9276390.62565374
01-May-2016,458652000000,4156245.90651072,178895,259745572152,808673.95,181400000000,7389586.72052975,2466417518426.58,4566983.45520271,276760000000,9490799.1612,556100000000,10750993.006,635760000000,8834578.00978877,-2.4,100.2,100.4,100,780290000000,65010197.897832,422700000000,22593349.3194,2085898.41422,1114.984,12901008.66004,4.4,175930000000,5778243.4818,117770000000,4095114.48657857,1861000000000,9677563.98603221
01-Jun-2016,458652000000,4053239.08635994,186250,259745572152,781231.3,182400000000,7296261.572989,2466417518426.58,4549863.31193404,276760000000,11119929.4836,556100000000,14380987.504,635760000000,10788841.6938721,-1.7,100.3,101.2,99.5,780290000000,73129774.8523947,422700000000,22390884.5776,2223551.50726,1114.984,13455999.55232,5.4,175930000000,6704908.6092,117770000000,3974211.20678891,1869000000000,10123904.5878792
01-Jul-2016,459323000000,3937630.38601997,191779,259349908807,806800.6,183300000000,7027281.14725867,2596944575631.07,4131139.3679679,280140000000,9863101.0044,557690000000,11473305.662,631910000000,9770429.43839224,-0.2,100.2,100.2,100.2,784280000000,70351912.4384461,425270000000,22400606.531,2165966.08362,1101.4484,13325955.02932,5.1,177940000000,5951143.1352,115970000000,2227580.33275515,1868000000000,8873574.83741662
01-Aug-2016,459323000000,4968298.1976841,181197,259349908807,915248.52,183800000000,8622156.06794195,2596944575631.07,4832732.77327669,280140000000,7002017.6016,557690000000,9537143.408,631910000000,10561270.5158874,-0.7,99.6,99.7,99.5,784280000000,68819959.1888358,425270000000,10731676.361,2025856.30631,1101.4484,12843057.2076,1.2,177940000000,6600225.4992,115970000000,3850090.51999367,1883000000000,10539113.4338909
01-Sep-2016,459323000000,4349548.52779814,172105,259349908807,900199.56,184300000000,7651547.98707779,2596944575631.07,4548635.5131536,280140000000,12033299.166,557690000000,11187659.34,631910000000,10276072.726466,-0.1,100.3,100.1,100.5,784280000000,73683378.4468783,425270000000,26852032.1498,2137767.69559,1101.4484,14070508.55176,3.4,177940000000,6668366.1804,115970000000,4208697.64367358,1892000000000,10247232.5878012
01-Oct-2016,464007000000,4633956.02948467,177570,262253022106,803254.28,184300000000,7358368.83380842,2877033885882.38,4064076.48827396,281900000000,10575510.0444,561000000000,11352142.49,589140000000,10668919.9024414,-1.2,100.8,100.1,101.4,789990000000,64066938.6238428,426980000000,17765047.9538,2177313.33256,1176.2678,15233391.346,4.3,179670000000,7340530.4418,115300000000,4193658.86210205,1887000000000,9922475.80712571
01-Nov-2016,464007000000,5678819.22078029,219084,262253022106,774643.13,184800000000,7773261.59911353,2877033885882.38,4998357.82165348,281900000000,11507605.5276,561000000000,11366619.264,589140000000,11737496.4329008,0.9,101.5,102.3,100.7,789990000000,74944872.6812081,426980000000,22259542.4062,2341680.88692,1176.2678,15187089.66056,3.4,179670000000,7218118.3392,115300000000,4405991.01623375,1902000000000,9155188.81660282
01-Dec-2016,464007000000,3736748.35163098,201143,262253022106,793759.34,186000000000,7297978.49401082,2877033885882.38,5290789.79224434,281900000000,7982349.9588,561000000000,9409230.896,589140000000,7878765.16449432,2.2,100.9,101.7,100,789990000000,58335830.3001425,426980000000,15965151.58,2531628.86047,1176.2678,13551882.92012,4.7,179670000000,5674749.1746,115300000000,3726253.03849929,1909000000000,9686838.3538501
01-Jan-2017,465099000000,4609361.63157888,179376,258838781703,710018.13,186900000000,9101704.19668712,2382376212778.83,3841880.56261834,285720000000,10642392.3396,567010000000,13484502.668,583550000000,11924039.1478769,-0.9,101.2,101.8,100.6,801650000000,91811923.7775756,429390000000,19670149.3306,2266465.32254,1075.4317,13614805.5394,6,181150000000,6930605.628,119270000000,4611790.43165326,1912000000000,9391453.76463571
01-Feb-2017,465099000000,4752743.42835072,201763,258838781703,741081.15,187300000000,7715341.35907004,2382376212778.83,4599456.64293163,285720000000,11533572.7836,567010000000,11767166.346,583550000000,10736325.2578312,-0.7,101.4,102.5,100.2,801650000000,73420892.6553555,429390000000,21833492.6292,2212022.78821,1075.4317,14348825.87744,7,181150000000,6603012.8244,119270000000,4482619.14118069,1917000000000,9780057.65338747
01-Mar-2017,465099000000,5593094.73925594,236568,258838781703,1013256.36,188100000000,8963530.56019265,2382376212778.83,5758218.46528264,285720000000,13784835.6828,567010000000,13625281.696,583550000000,12679685.4642579,-0.6,102.1,103.5,100.7,801650000000,84453303.9011708,429390000000,25573856.8532,2266855.63503,1075.4317,14756003.90904,7.8,181150000000,7102966.3518,119270000000,4862830.02285373,1928000000000,11181386.0268523
01-Apr-2017,468190000000,4480786.53705408,191554,259587692004,805952.32,189100000000,8265277.81122963,2645629439149.67,4967593.08823266,289460000000,9254870.4528,572770000000,11220520.324,595390000000,9957553.0947427,0.5,103.9,105.3,102.6,812700000000,68324854.0611245,433240000000,19427172.1802,2304999.537,1073.3798,13699979.26724,8.3,183930000000,5694064.8306,119100000000,4238022.25260154,1919000000000,10236218.8333542
01-May-2017,468190000000,5992185.60860198,253398,259587692004,971106.8,189900000000,9156879.32781835,2645629439149.67,6210013.11464073,289460000000,12566799.1512,572770000000,11317895.524,595390000000,11669774.4491261,0.6,103.3,104.7,101.8,812700000000,78432181.8238886,433240000000,25112013.5664,2240389.75114,1073.3798,13719158.68088,6.1,183930000000,7201198.5552,119100000000,4748522.4578734,1938000000000,11926156.2387213
01-Jun-2017,468190000000,5242017.42691123,214838,259587692004,792795.67,190400000000,9109357.42179343,2645629439149.67,6147200.57623609,289460000000,14388029.544,572770000000,13812512.402,595390000000,12678167.0970976,0.1,103.1,104.9,101.4,812700000000,73935209.1717448,433240000000,26483541.6864,2339162.82385,1073.3798,14941880.73084,7.2,183930000000,7203156.1752,119100000000,4641790.75749897,1950000000000,11644412.1680421
01-Jul-2017,473187000000,5319036.04230451,225831,260704691054,886763.38,190500000000,7688200.04807611,2787078933916.08,5741267.37218974,291230000000,12808378.8336,576930000000,12383112.43,596840000000,11744026.9465958,0.5,103.8,106.6,101,823570000000,72532355.7381779,435950000000,27061093.2708,2369071.80922,1071.6436,15315722.47384,6.6,185680000000,7182672.4254,121280000000,2751241.58262239,1951000000000,10333847.9909244
01-Aug-2017,473187000000,6203872.89484723,266489,260704691054,953155.77,190300000000,9653079.98801262,2787078933916.08,6887740.23708549,291230000000,9084929.7504,576930000000,9694303.294,596840000000,11931241.2498048,0.1,103.4,105.4,101.3,823570000000,77219762.1557307,435950000000,13598740.8166,2436468.92805,1071.6436,14399290.03332,5.4,185680000000,7132967.3562,121280000000,4681911.12363791,1960000000000,12633729.2336277
01-Sep-2017,473187000000,5110947.16717517,239763,260704691054,826662.48,190500000000,8443980.78507964,2787078933916.08,6704112.27246644,291230000000,12191385.906,576930000000,12238880.758,596840000000,11550951.4855859,2.1,103.2,105.3,101.2,823570000000,74004334.3504137,435950000000,25531196.559,2435683.01609,1071.6436,14298084.34904,8.5,185680000000,7676754.261,121280000000,4839729.97678387,1973000000000,10779931.1903169
01-Oct-2017,475384000000,5407025.31174221,253906,262136988620,896460.43,190700000000,9452336.73804477,3083075098890.25,6196526.47703001,295450000000,12384931.1628,582240000000,12921417.548,576400000000,13341902.6943504,1.2,104,106.2,101.7,833090000000,73344691.6613754,439960000000,26324043.3118,2381357.56935,1144.3281,16081165.91884,8.2,188040000000,8276218.392,120180000000,5093786.35500783,1978000000000,11307281.366939
01-Nov-2017,475384000000,4991868.62657894,254073,262136988620,887690.69,191700000000,9214619.95586765,3083075098890.25,6807286.65363121,295450000000,13759241.454,582240000000,12621907.896,576400000000,11816717.7104014,-0.2,104.8,106.6,103,833090000000,77341679.3086116,439960000000,27464816.6104,2428994.80188,1144.3281,19341325.19088,9.1,188040000000,7630603.7766,120180000000,4947543.1813116,1995000000000,11034400.5707785
01-Dec-2017,475384000000,4213548.21808589,219697,262136988620,1008340.94,192300000000,6543542.596036,3083075098890.25,6023213.40900712,295450000000,7238119.4172,582240000000,10873722.028,576400000000,8632419.63188425,-1.5,104.6,107,102.2,833090000000,55910571.3363735,439960000000,21356690.644,2429350.50922,1144.3281,16354497.94856,8.9,188040000000,6348213.0054,120180000000,4344515.12413955,2002000000000,9596426.01673741
01-Jan-2018,479411000000,NaN,219217,251172455034,NaN,192100000000,NaN,2585387813131.19,NaN,296220000000,NaN,584700000000,NaN,591940000000,NaN,-1.7,104.9,108.4,101.6,833310000000,NaN,441010000000,NaN,2462325.16582,1065.069,NaN,10.3,190870000000,NaN,119380000000,NaN,2010000000000,NaN
01-Feb-2018,479411000000,NaN,213498,251172455034,NaN,192600000000,NaN,2585387813131.19,NaN,296220000000,NaN,584700000000,NaN,591940000000,NaN,-0.3,104.4,108.1,100.8,833310000000,NaN,441010000000,NaN,2417024.25926,1065.069,NaN,10.9,190870000000,NaN,119380000000,NaN,2018000000000,NaN
01-Mar-2018,479411000000,NaN,267539,251172455034,NaN,193100000000,NaN,2585387813131.19,NaN,296220000000,NaN,584700000000,NaN,591940000000,NaN,0.4,104.2,107.1,101.4,833310000000,NaN,441010000000,NaN,2301518.64392,1065.069,NaN,9.5,190870000000,NaN,119380000000,NaN,2021000000000,NaN
01-Apr-2018,483394000000,NaN,266549,253304520469,NaN,193000000000,NaN,2866964703670.23,NaN,299380000000,NaN,588140000000,NaN,597560000000,NaN,1.2,104,107.1,101.1,842350000000,NaN,443120000000,NaN,2485575.34741,1057.0938,NaN,8.2,192110000000,NaN,116910000000,NaN,2037000000000,NaN
01-May-2018,483394000000,NaN,212329,253304520469,NaN,193900000000,NaN,2866964703670.23,NaN,299380000000,NaN,588140000000,NaN,597560000000,NaN,1,103.7,107.4,100.2,842350000000,NaN,443120000000,NaN,2610618.52429,1057.0938,NaN,9.8,192110000000,NaN,116910000000,NaN,2059000000000,NaN
01-Jun-2018,483394000000,NaN,256311,253304520469,NaN,194000000000,NaN,2866964703670.23,NaN,299380000000,NaN,588140000000,NaN,597560000000,NaN,2.6,102.2,106,98.5,842350000000,NaN,443120000000,NaN,2333850.59574,1057.0938,NaN,7.7,192110000000,NaN,116910000000,NaN,2062000000000,NaN
01-Jul-2018,485975000000,NaN,245935,252443941682,NaN,194500000000,NaN,3001353674154.77,NaN,301950000000,NaN,593120000000,NaN,608300000000,NaN,0,101.6,105.9,97.6,843060000000,NaN,442370000000,NaN,2590595.13776,1036.159,NaN,6.3,194620000000,NaN,115420000000,NaN,2068000000000,NaN
01-Aug-2018,485975000000,NaN,291099,252443941682,NaN,194700000000,NaN,3001353674154.77,NaN,301950000000,NaN,593120000000,NaN,608300000000,NaN,1.2,103.4,106.8,100.2,843060000000,NaN,442370000000,NaN,2524541.87879,1036.159,NaN,5.9,194620000000,NaN,115420000000,NaN,2076000000000,NaN
01-Sep-2018,485975000000,NaN,223081,252443941682,NaN,195500000000,NaN,3001353674154.77,NaN,301950000000,NaN,593120000000,NaN,608300000000,NaN,0.4,103,106.7,99.5,843060000000,NaN,442370000000,NaN,2368752.89732,1036.159,NaN,5.7,194620000000,NaN,115420000000,NaN,2079000000000,NaN
01-Oct-2018,486671000000,NaN,263186,254251372384,NaN,196100000000,NaN,3312368148704.72,NaN,305700000000,NaN,598590000000,NaN,604330000000,NaN,0.8,102.2,105.8,98.7,853610000000,NaN,444690000000,NaN,2518100.52021,1106.7853,NaN,5.9,196790000000,NaN,119300000000,NaN,2092000000000,NaN
01-Nov-2018,486671000000,NaN,244771,254251372384,NaN,195800000000,NaN,3312368148704.72,NaN,305700000000,NaN,598590000000,NaN,604330000000,NaN,0.5,102.1,106.2,98.1,853610000000,NaN,444690000000,NaN,2534436.99567,1106.7853,NaN,7.2,196790000000,NaN,119300000000,NaN,2088000000000,NaN
01-Dec-2018,486671000000,NaN,177503,254251372384,NaN,195700000000,NaN,3312368148704.72,NaN,305700000000,NaN,598590000000,NaN,604330000000,NaN,0.1,100.9,105.3,96.8,853610000000,NaN,444690000000,NaN,2378572.38093,1106.7853,NaN,7.5,196790000000,NaN,119300000000,NaN,2094000000000,NaN
